{
  "breakdowns": {
    "by_month": {
      "2025-01": {
        "net_pnl": -6.818601000000026,
        "trades": 134,
        "win_rate": 37.3134328358209,
        "wins": 50
      },
      "2025-02": {
        "net_pnl": 0.7464848000000028,
        "trades": 141,
        "win_rate": 38.297872340425535,
        "wins": 54
      },
      "2025-03": {
        "net_pnl": -4.9434440000001585,
        "trades": 196,
        "win_rate": 37.244897959183675,
        "wins": 73
      },
      "2025-04": {
        "net_pnl": -8.580689000000099,
        "trades": 148,
        "win_rate": 33.108108108108105,
        "wins": 49
      },
      "2025-05": {
        "net_pnl": -5.83584960000006,
        "trades": 83,
        "win_rate": 33.734939759036145,
        "wins": 28
      },
      "2025-06": {
        "net_pnl": -1.1690574000000182,
        "trades": 67,
        "win_rate": 38.80597014925373,
        "wins": 26
      },
      "2025-07": {
        "net_pnl": 0.4461079999999784,
        "trades": 62,
        "win_rate": 50.0,
        "wins": 31
      },
      "2025-08": {
        "net_pnl": 8.338553199999954,
        "trades": 66,
        "win_rate": 53.03030303030303,
        "wins": 35
      },
      "2025-09": {
        "net_pnl": -2.867303000000015,
        "trades": 37,
        "win_rate": 43.24324324324324,
        "wins": 16
      },
      "2025-10": {
        "net_pnl": 5.618119800000076,
        "trades": 126,
        "win_rate": 42.857142857142854,
        "wins": 54
      },
      "2025-11": {
        "net_pnl": -0.8502436000000287,
        "trades": 138,
        "win_rate": 36.95652173913043,
        "wins": 51
      },
      "2025-12": {
        "net_pnl": -4.421601999999969,
        "trades": 123,
        "win_rate": 38.21138211382114,
        "wins": 47
      }
    },
    "by_outcome": {
      "sl": {
        "net_pnl": -385.6420842000005,
        "trades": 674
      },
      "timeout": {
        "net_pnl": 65.27249999999985,
        "trades": 382
      },
      "tp": {
        "net_pnl": 300.03206040000026,
        "trades": 265
      },
      "trailing": {
        "net_pnl": 0.0,
        "trades": 0
      }
    },
    "by_side": {
      "long": {
        "net_pnl": -14.362017800000176,
        "trades": 783,
        "win_rate": 39.59131545338442
      },
      "short": {
        "net_pnl": -5.975506000000183,
        "trades": 538,
        "win_rate": 37.9182156133829
      }
    },
    "by_year": {
      "2025": {
        "net_pnl": -20.337523800000366,
        "trades": 1321,
        "win_rate": 38.90991672975019,
        "wins": 514
      }
    }
  },
  "config": {
    "confidence": 0.51,
    "custom_fee_pct": 0.00055,
    "data_path": "data/normalized/bybit/BTCUSDT/5m/bybit_BTCUSDT_5m_20240101T000500Z_20260425T235500Z.csv",
    "date_end": "2026-01-01T00:00:00Z",
    "date_start": "2025-01-01T00:00:00Z",
    "exit_mode": "fixed",
    "fee_mode": "taker",
    "funding_mode": "none",
    "initial_balance": 1000.0,
    "interval_minutes": 5,
    "look_ahead": 36,
    "maker_fee_pct": 0.0002,
    "model_path": "monster_v4_2.json",
    "order_qty": 0.001,
    "same_candle_policy": "conservative",
    "sl_pct": 0.006,
    "slippage_bps": 0.0,
    "source": "bybit",
    "spread_bps": 0.0,
    "symbol": "BTCUSDT",
    "taker_fee_pct": 0.0,
    "tp_pct": 0.012,
    "trailing": null
  },
  "data_quality": {
    "duplicate_timestamps_count": 0,
    "expected_5m_rows": 105120,
    "gaps_first_5": [],
    "missing_candles_count": 0,
    "row_count": 105120,
    "timestamp_max_utc": "2025-12-31T23:55:00+00:00",
    "timestamp_min_utc": "2025-01-01T00:00:00+00:00"
  },
  "generated_at_utc": "2026-04-26T14:46:02.672123+00:00",
  "outcomes": {
    "skipped_no_atr": 0,
    "sl": 674,
    "timeout": 382,
    "tp": 265,
    "trailing": 0,
    "trailing_activated": 0
  },
  "signals": {
    "long_signals_above_threshold": 5296,
    "no_signal_rows": 94756,
    "short_signals_above_threshold": 4781,
    "total_signal_rows": 104833
  },
  "summary": {
    "avg_duration_candles": 18.842543527630582,
    "avg_duration_minutes": 94.21271763815291,
    "avg_loss_net": -0.5145661514250317,
    "avg_trade_net": -0.015395551703255383,
    "avg_win_net": 0.7683217128404674,
    "best_trade_net": 1.468558799999999,
    "expectancy_net": -0.015395551703255383,
    "fees_paid": 0.0,
    "final_balance": 979.6624761999997,
    "funding_paid": 0.0,
    "long_net_pnl": -14.362017800000176,
    "long_trades": 783,
    "longest_losing_streak": 13,
    "max_drawdown_pct": 3.363832911846856,
    "max_drawdown_usdt": 33.78824140000063,
    "profit_factor_net": 0.9510239985757637,
    "short_net_pnl": -5.975506000000183,
    "short_trades": 538,
    "sl_count": 674,
    "spread_slippage_cost_estimate": 0.0,
    "timeout_count": 382,
    "total_gross_pnl": -20.337523800000362,
    "total_net_pnl": -20.337523800000362,
    "tp_count": 265,
    "trades_total": 1321,
    "trailing_count": 0,
    "turnover_notional": 128232.5359,
    "win_rate_net": 38.90991672975019,
    "worst_trade_net": -0.7380749999999972
  }
}