{
  "breakdowns": {
    "by_month": {
      "2024-01": {
        "net_pnl": -0.7598403790477133,
        "trades": 104,
        "win_rate": 50.0,
        "wins": 52
      },
      "2024-02": {
        "net_pnl": -7.37884132516769,
        "trades": 73,
        "win_rate": 34.24657534246575,
        "wins": 25
      },
      "2024-03": {
        "net_pnl": -30.759048002436145,
        "trades": 184,
        "win_rate": 23.91304347826087,
        "wins": 44
      },
      "2024-04": {
        "net_pnl": -15.498105589752942,
        "trades": 95,
        "win_rate": 30.526315789473685,
        "wins": 29
      },
      "2024-05": {
        "net_pnl": -8.971530119542264,
        "trades": 55,
        "win_rate": 32.72727272727273,
        "wins": 18
      },
      "2024-06": {
        "net_pnl": -6.639118784652586,
        "trades": 28,
        "win_rate": 35.714285714285715,
        "wins": 10
      },
      "2024-07": {
        "net_pnl": -12.206903715899783,
        "trades": 74,
        "win_rate": 33.78378378378378,
        "wins": 25
      },
      "2024-08": {
        "net_pnl": -16.189031732130946,
        "trades": 121,
        "win_rate": 30.57851239669421,
        "wins": 37
      },
      "2024-09": {
        "net_pnl": -4.7587065289552894,
        "trades": 70,
        "win_rate": 44.285714285714285,
        "wins": 31
      },
      "2024-10": {
        "net_pnl": -12.225767884086753,
        "trades": 41,
        "win_rate": 24.390243902439025,
        "wins": 10
      },
      "2024-11": {
        "net_pnl": -24.080816514309834,
        "trades": 99,
        "win_rate": 26.262626262626267,
        "wins": 26
      },
      "2024-12": {
        "net_pnl": -26.813857229618904,
        "trades": 83,
        "win_rate": 25.301204819277107,
        "wins": 21
      }
    },
    "by_outcome": {
      "sl": {
        "net_pnl": -238.7596580105132,
        "trades": 455
      },
      "timeout": {
        "net_pnl": -7.730692214349801,
        "trades": 41
      },
      "tp": {
        "net_pnl": 37.23272670337476,
        "trades": 58
      },
      "trailing": {
        "net_pnl": 42.97605571588734,
        "trades": 473
      }
    },
    "by_side": {
      "long": {
        "net_pnl": -107.24718905278422,
        "trades": 695,
        "win_rate": 29.640287769784173
      },
      "short": {
        "net_pnl": -59.034378752816664,
        "trades": 332,
        "win_rate": 36.74698795180723
      }
    },
    "by_year": {
      "2024": {
        "net_pnl": -166.281567805601,
        "trades": 1027,
        "win_rate": 31.93768257059396,
        "wins": 328
      }
    }
  },
  "config": {
    "confidence": 0.6,
    "custom_fee_pct": 0.00055,
    "data_path": "data/normalized/bybit/BTCUSDT/5m/bybit_BTCUSDT_5m_20240101T000500Z_20260425T235500Z.csv",
    "date_end": "2025-01-01T00:00:00Z",
    "date_start": "2024-01-01T00:00:00Z",
    "exit_mode": "atr_trailing",
    "fee_mode": "taker",
    "funding_mode": "none",
    "initial_balance": 1000.0,
    "interval_minutes": 5,
    "look_ahead": 36,
    "maker_fee_pct": 0.0002,
    "model_path": "monster_v4_2.json",
    "order_qty": 0.001,
    "same_candle_policy": "conservative",
    "sl_pct": 0.006,
    "slippage_bps": 5.0,
    "source": "bybit",
    "spread_bps": 5.0,
    "symbol": "BTCUSDT",
    "taker_fee_pct": 0.00055,
    "tp_pct": 0.012,
    "trailing": {
      "activation_pct": 0.004,
      "atr_mult": 1.4,
      "atr_period": 14,
      "keep_fixed_tp": true,
      "min_lock_pct": 0.0015
    }
  },
  "data_quality": {
    "duplicate_timestamps_count": 0,
    "expected_5m_rows": 105407,
    "gaps_first_5": [],
    "missing_candles_count": 0,
    "row_count": 105407,
    "timestamp_max_utc": "2024-12-31T23:55:00+00:00",
    "timestamp_min_utc": "2024-01-01T00:05:00+00:00"
  },
  "generated_at_utc": "2026-04-26T14:48:00.829206+00:00",
  "outcomes": {
    "skipped_no_atr": 0,
    "sl": 455,
    "timeout": 41,
    "tp": 58,
    "trailing": 473,
    "trailing_activated": 512
  },
  "signals": {
    "long_signals_above_threshold": 2402,
    "no_signal_rows": 101110,
    "short_signals_above_threshold": 1608,
    "total_signal_rows": 105120
  },
  "summary": {
    "avg_duration_candles": 8.773125608568646,
    "avg_duration_minutes": 43.865628042843234,
    "avg_loss_net": -0.35986632994310863,
    "avg_trade_net": -0.161909997863292,
    "avg_win_net": 0.2599542586116831,
    "best_trade_net": 1.220589821717262,
    "expectancy_net": -0.161909997863292,
    "fees_paid": 73.78811285401703,
    "final_balance": 833.7184321943992,
    "funding_paid": 0.0,
    "long_net_pnl": -107.24718905278422,
    "long_trades": 695,
    "longest_losing_streak": 19,
    "max_drawdown_pct": 16.79277583613637,
    "max_drawdown_usdt": 168.25999043933882,
    "profit_factor_net": 0.3389630740931383,
    "short_net_pnl": -59.034378752816664,
    "short_trades": 332,
    "sl_count": 455,
    "spread_slippage_cost_estimate": 100.62015846310862,
    "timeout_count": 41,
    "total_gross_pnl": -92.49345495158386,
    "total_net_pnl": -166.28156780560087,
    "tp_count": 58,
    "trades_total": 1027,
    "trailing_count": 473,
    "turnover_notional": 67091.14597365001,
    "win_rate_net": 31.93768257059396,
    "worst_trade_net": -0.8365805968546541
  }
}