{
  "breakdowns": {
    "by_month": {
      "2024-01": {
        "net_pnl": 3.0446148775610222,
        "trades": 105,
        "win_rate": 74.28571428571429,
        "wins": 78
      },
      "2024-02": {
        "net_pnl": -2.3798664029445815,
        "trades": 74,
        "win_rate": 60.810810810810814,
        "wins": 45
      },
      "2024-03": {
        "net_pnl": -20.760549568483356,
        "trades": 181,
        "win_rate": 59.11602209944752,
        "wins": 107
      },
      "2024-04": {
        "net_pnl": -9.640417918145287,
        "trades": 91,
        "win_rate": 57.14285714285714,
        "wins": 52
      },
      "2024-05": {
        "net_pnl": -5.472995270322613,
        "trades": 56,
        "win_rate": 53.57142857142857,
        "wins": 30
      },
      "2024-06": {
        "net_pnl": -5.302269155515807,
        "trades": 29,
        "win_rate": 44.827586206896555,
        "wins": 13
      },
      "2024-07": {
        "net_pnl": -8.622669004724358,
        "trades": 72,
        "win_rate": 54.166666666666664,
        "wins": 39
      },
      "2024-08": {
        "net_pnl": -6.728975043898015,
        "trades": 116,
        "win_rate": 58.620689655172406,
        "wins": 68
      },
      "2024-09": {
        "net_pnl": -1.9464957319618128,
        "trades": 69,
        "win_rate": 65.21739130434783,
        "wins": 45
      },
      "2024-10": {
        "net_pnl": -8.71075966203897,
        "trades": 39,
        "win_rate": 38.46153846153847,
        "wins": 15
      },
      "2024-11": {
        "net_pnl": -14.992056563470452,
        "trades": 95,
        "win_rate": 53.68421052631579,
        "wins": 51
      },
      "2024-12": {
        "net_pnl": -19.745606178792357,
        "trades": 76,
        "win_rate": 43.42105263157895,
        "wins": 33
      }
    },
    "by_outcome": {
      "sl": {
        "net_pnl": -194.69033691135283,
        "trades": 394
      },
      "timeout": {
        "net_pnl": -5.871672812183277,
        "trades": 37
      },
      "tp": {
        "net_pnl": 0.0,
        "trades": 0
      },
      "trailing": {
        "net_pnl": 99.30396410079953,
        "trades": 572
      }
    },
    "by_side": {
      "long": {
        "net_pnl": -63.404110385209925,
        "trades": 675,
        "win_rate": 57.925925925925924
      },
      "short": {
        "net_pnl": -37.85393523752666,
        "trades": 328,
        "win_rate": 56.40243902439024
      }
    },
    "by_year": {
      "2024": {
        "net_pnl": -101.25804562273657,
        "trades": 1003,
        "win_rate": 57.42771684945165,
        "wins": 576
      }
    }
  },
  "config": {
    "confidence": 0.6,
    "custom_fee_pct": 0.00055,
    "data_path": "data/normalized/bybit/BTCUSDT/5m/bybit_BTCUSDT_5m_20240101T000500Z_20260425T235500Z.csv",
    "date_end": "2025-01-01T00:00:00Z",
    "date_start": "2024-01-01T00:00:00Z",
    "exit_mode": "atr_trailing",
    "fee_mode": "taker",
    "funding_mode": "none",
    "initial_balance": 1000.0,
    "interval_minutes": 5,
    "look_ahead": 36,
    "maker_fee_pct": 0.0002,
    "model_path": "monster_v4_2.json",
    "order_qty": 0.001,
    "same_candle_policy": "conservative",
    "sl_pct": 0.006,
    "slippage_bps": 2.0,
    "source": "bybit",
    "spread_bps": 2.0,
    "symbol": "BTCUSDT",
    "taker_fee_pct": 0.00055,
    "tp_pct": 0.012,
    "trailing": {
      "activation_pct": 0.004,
      "atr_mult": 1.4,
      "atr_period": 14,
      "keep_fixed_tp": false,
      "min_lock_pct": 0.0015
    }
  },
  "data_quality": {
    "duplicate_timestamps_count": 0,
    "expected_5m_rows": 105407,
    "gaps_first_5": [],
    "missing_candles_count": 0,
    "row_count": 105407,
    "timestamp_max_utc": "2024-12-31T23:55:00+00:00",
    "timestamp_min_utc": "2024-01-01T00:05:00+00:00"
  },
  "generated_at_utc": "2026-04-26T14:49:27.211973+00:00",
  "outcomes": {
    "skipped_no_atr": 0,
    "sl": 394,
    "timeout": 37,
    "tp": 0,
    "trailing": 572,
    "trailing_activated": 574
  },
  "signals": {
    "long_signals_above_threshold": 2402,
    "no_signal_rows": 101110,
    "short_signals_above_threshold": 1608,
    "total_signal_rows": 105120
  },
  "summary": {
    "avg_duration_candles": 9.13160518444666,
    "avg_duration_minutes": 45.65802592223329,
    "avg_loss_net": -0.4708605268337462,
    "avg_trade_net": -0.1009551800824891,
    "avg_win_net": 0.17326284606818237,
    "best_trade_net": 2.9654767165833076,
    "expectancy_net": -0.1009551800824891,
    "fees_paid": 71.79194471352405,
    "final_balance": 898.7419543772635,
    "funding_paid": 0.0,
    "long_net_pnl": -63.404110385209925,
    "long_trades": 675,
    "longest_losing_streak": 8,
    "max_drawdown_pct": 10.573674550549834,
    "max_drawdown_usdt": 106.2651863629236,
    "profit_factor_net": 0.4963725633542987,
    "short_net_pnl": -37.85393523752666,
    "short_trades": 328,
    "sl_count": 394,
    "spread_slippage_cost_estimate": 39.1592434433915,
    "timeout_count": 37,
    "total_gross_pnl": -29.466100909212535,
    "total_net_pnl": -101.25804562273657,
    "tp_count": 0,
    "trades_total": 1003,
    "trailing_count": 572,
    "turnover_notional": 65265.64453226,
    "win_rate_net": 57.42771684945165,
    "worst_trade_net": -0.7885330928815415
  }
}