{
  "breakdowns": {
    "by_month": {
      "2024-01": {
        "net_pnl": 16.421808799999987,
        "trades": 79,
        "win_rate": 62.0253164556962,
        "wins": 49
      },
      "2024-02": {
        "net_pnl": 3.093719000000012,
        "trades": 57,
        "win_rate": 47.368421052631575,
        "wins": 27
      },
      "2024-03": {
        "net_pnl": 3.0730970000000175,
        "trades": 141,
        "win_rate": 39.00709219858156,
        "wins": 55
      },
      "2024-04": {
        "net_pnl": 6.294264399999994,
        "trades": 71,
        "win_rate": 46.478873239436616,
        "wins": 33
      },
      "2024-05": {
        "net_pnl": 0.13134040000001537,
        "trades": 45,
        "win_rate": 37.77777777777778,
        "wins": 17
      },
      "2024-06": {
        "net_pnl": -0.5414267999999791,
        "trades": 27,
        "win_rate": 37.03703703703704,
        "wins": 10
      },
      "2024-07": {
        "net_pnl": -0.5744066000000315,
        "trades": 55,
        "win_rate": 36.36363636363637,
        "wins": 20
      },
      "2024-08": {
        "net_pnl": 4.639820999999975,
        "trades": 97,
        "win_rate": 40.20618556701031,
        "wins": 39
      },
      "2024-09": {
        "net_pnl": 9.70443800000002,
        "trades": 56,
        "win_rate": 55.35714285714286,
        "wins": 31
      },
      "2024-10": {
        "net_pnl": -5.072379399999992,
        "trades": 35,
        "win_rate": 22.857142857142858,
        "wins": 8
      },
      "2024-11": {
        "net_pnl": -1.8767933999999946,
        "trades": 80,
        "win_rate": 32.5,
        "wins": 26
      },
      "2024-12": {
        "net_pnl": -8.442328799999991,
        "trades": 67,
        "win_rate": 26.865671641791046,
        "wins": 18
      }
    },
    "by_outcome": {
      "sl": {
        "net_pnl": -173.47492080000018,
        "trades": 430
      },
      "timeout": {
        "net_pnl": 19.006900000000037,
        "trades": 139
      },
      "tp": {
        "net_pnl": 181.31917440000015,
        "trades": 241
      },
      "trailing": {
        "net_pnl": 0.0,
        "trades": 0
      }
    },
    "by_side": {
      "long": {
        "net_pnl": 20.56374659999997,
        "trades": 543,
        "win_rate": 40.331491712707184
      },
      "short": {
        "net_pnl": 6.287407000000064,
        "trades": 267,
        "win_rate": 42.69662921348314
      }
    },
    "by_year": {
      "2024": {
        "net_pnl": 26.85115360000004,
        "trades": 810,
        "win_rate": 41.11111111111111,
        "wins": 333
      }
    }
  },
  "config": {
    "confidence": 0.6,
    "custom_fee_pct": 0.00055,
    "data_path": "data/normalized/bybit/BTCUSDT/5m/bybit_BTCUSDT_5m_20240101T000500Z_20260425T235500Z.csv",
    "date_end": "2025-01-01T00:00:00Z",
    "date_start": "2024-01-01T00:00:00Z",
    "exit_mode": "fixed",
    "fee_mode": "taker",
    "funding_mode": "none",
    "initial_balance": 1000.0,
    "interval_minutes": 5,
    "look_ahead": 36,
    "maker_fee_pct": 0.0002,
    "model_path": "monster_v4_2.json",
    "order_qty": 0.001,
    "same_candle_policy": "conservative",
    "sl_pct": 0.006,
    "slippage_bps": 0.0,
    "source": "bybit",
    "spread_bps": 0.0,
    "symbol": "BTCUSDT",
    "taker_fee_pct": 0.0,
    "tp_pct": 0.012,
    "trailing": null
  },
  "data_quality": {
    "duplicate_timestamps_count": 0,
    "expected_5m_rows": 105407,
    "gaps_first_5": [],
    "missing_candles_count": 0,
    "row_count": 105407,
    "timestamp_max_utc": "2024-12-31T23:55:00+00:00",
    "timestamp_min_utc": "2024-01-01T00:05:00+00:00"
  },
  "generated_at_utc": "2026-04-26T14:46:18.141056+00:00",
  "outcomes": {
    "skipped_no_atr": 0,
    "sl": 430,
    "timeout": 139,
    "tp": 241,
    "trailing": 0,
    "trailing_activated": 0
  },
  "signals": {
    "long_signals_above_threshold": 2402,
    "no_signal_rows": 101110,
    "short_signals_above_threshold": 1608,
    "total_signal_rows": 105120
  },
  "summary": {
    "avg_duration_candles": 15.162962962962963,
    "avg_duration_minutes": 75.81481481481481,
    "avg_loss_net": -0.3745853685534593,
    "avg_trade_net": 0.03314957234567906,
    "avg_win_net": 0.617202325525526,
    "best_trade_net": 1.2708035999999994,
    "expectancy_net": 0.03314957234567906,
    "fees_paid": 0.0,
    "final_balance": 1026.8511536,
    "funding_paid": 0.0,
    "long_net_pnl": 20.56374659999997,
    "long_trades": 543,
    "longest_losing_streak": 10,
    "max_drawdown_pct": 1.5172493423671682,
    "max_drawdown_usdt": 15.819274800000358,
    "profit_factor_net": 1.150277430328153,
    "short_net_pnl": 6.287407000000064,
    "short_trades": 267,
    "sl_count": 430,
    "spread_slippage_cost_estimate": 0.0,
    "timeout_count": 139,
    "total_gross_pnl": 26.851153600000035,
    "total_net_pnl": 26.851153600000035,
    "tp_count": 241,
    "trades_total": 810,
    "trailing_count": 0,
    "turnover_notional": 53063.4334,
    "win_rate_net": 41.11111111111111,
    "worst_trade_net": -0.6396144000000059
  }
}