{
  "breakdowns": {
    "by_month": {
      "2024-01": {
        "net_pnl": -8.161191351121289,
        "trades": 225,
        "win_rate": 43.55555555555555,
        "wins": 98
      },
      "2024-02": {
        "net_pnl": -16.45976533261489,
        "trades": 194,
        "win_rate": 37.11340206185567,
        "wins": 72
      },
      "2024-03": {
        "net_pnl": -68.23988723151116,
        "trades": 388,
        "win_rate": 24.742268041237114,
        "wins": 96
      },
      "2024-04": {
        "net_pnl": -39.65093414386424,
        "trades": 250,
        "win_rate": 31.2,
        "wins": 78
      },
      "2024-05": {
        "net_pnl": -24.236924541613483,
        "trades": 171,
        "win_rate": 39.1812865497076,
        "wins": 67
      },
      "2024-06": {
        "net_pnl": -19.48872478774874,
        "trades": 110,
        "win_rate": 40.909090909090914,
        "wins": 45
      },
      "2024-07": {
        "net_pnl": -36.15451001951952,
        "trades": 180,
        "win_rate": 30.555555555555557,
        "wins": 55
      },
      "2024-08": {
        "net_pnl": -33.03385961109131,
        "trades": 293,
        "win_rate": 31.058020477815703,
        "wins": 91
      },
      "2024-09": {
        "net_pnl": -25.909947732141372,
        "trades": 187,
        "win_rate": 32.62032085561498,
        "wins": 61
      },
      "2024-10": {
        "net_pnl": -33.19291023661782,
        "trades": 140,
        "win_rate": 29.28571428571429,
        "wins": 41
      },
      "2024-11": {
        "net_pnl": -56.513651344687624,
        "trades": 234,
        "win_rate": 29.48717948717949,
        "wins": 69
      },
      "2024-12": {
        "net_pnl": -56.85541621242368,
        "trades": 212,
        "win_rate": 32.54716981132076,
        "wins": 69
      }
    },
    "by_outcome": {
      "sl": {
        "net_pnl": -589.2877599667845,
        "trades": 1131
      },
      "timeout": {
        "net_pnl": -19.641232170903393,
        "trades": 113
      },
      "tp": {
        "net_pnl": 0.0,
        "trades": 0
      },
      "trailing": {
        "net_pnl": 191.03126959273274,
        "trades": 1340
      }
    },
    "by_side": {
      "long": {
        "net_pnl": -240.2657257898046,
        "trades": 1547,
        "win_rate": 32.191338073691014
      },
      "short": {
        "net_pnl": -177.63199675515054,
        "trades": 1037,
        "win_rate": 33.17261330761813
      }
    },
    "by_year": {
      "2024": {
        "net_pnl": -417.89772254495443,
        "trades": 2584,
        "win_rate": 32.585139318885446,
        "wins": 842
      }
    }
  },
  "config": {
    "confidence": 0.51,
    "custom_fee_pct": 0.00055,
    "data_path": "data/normalized/bybit/BTCUSDT/5m/bybit_BTCUSDT_5m_20240101T000500Z_20260425T235500Z.csv",
    "date_end": "2025-01-01T00:00:00Z",
    "date_start": "2024-01-01T00:00:00Z",
    "exit_mode": "atr_trailing",
    "fee_mode": "taker",
    "funding_mode": "none",
    "initial_balance": 1000.0,
    "interval_minutes": 5,
    "look_ahead": 36,
    "maker_fee_pct": 0.0002,
    "model_path": "monster_v4_2.json",
    "order_qty": 0.001,
    "same_candle_policy": "conservative",
    "sl_pct": 0.006,
    "slippage_bps": 5.0,
    "source": "bybit",
    "spread_bps": 5.0,
    "symbol": "BTCUSDT",
    "taker_fee_pct": 0.00055,
    "tp_pct": 0.012,
    "trailing": {
      "activation_pct": 0.004,
      "atr_mult": 1.4,
      "atr_period": 14,
      "keep_fixed_tp": false,
      "min_lock_pct": 0.0015
    }
  },
  "data_quality": {
    "duplicate_timestamps_count": 0,
    "expected_5m_rows": 105407,
    "gaps_first_5": [],
    "missing_candles_count": 0,
    "row_count": 105407,
    "timestamp_max_utc": "2024-12-31T23:55:00+00:00",
    "timestamp_min_utc": "2024-01-01T00:05:00+00:00"
  },
  "generated_at_utc": "2026-04-26T14:49:14.286880+00:00",
  "outcomes": {
    "skipped_no_atr": 0,
    "sl": 1131,
    "timeout": 113,
    "tp": 0,
    "trailing": 1340,
    "trailing_activated": 1346
  },
  "signals": {
    "long_signals_above_threshold": 7425,
    "no_signal_rows": 91231,
    "short_signals_above_threshold": 6464,
    "total_signal_rows": 105120
  },
  "summary": {
    "avg_duration_candles": 9.863003095975232,
    "avg_duration_minutes": 49.31501547987616,
    "avg_loss_net": -0.3568196255449073,
    "avg_trade_net": -0.16172512482389906,
    "avg_win_net": 0.24190269020697547,
    "best_trade_net": 2.9196601729582627,
    "expectancy_net": -0.16172512482389906,
    "fees_paid": 186.54923967508356,
    "final_balance": 582.1022774550448,
    "funding_paid": 0.0,
    "long_net_pnl": -240.2657257898046,
    "long_trades": 1547,
    "longest_losing_streak": 22,
    "max_drawdown_pct": 41.91367511794315,
    "max_drawdown_usdt": 420.0308040180755,
    "profit_factor_net": 0.3276845051673905,
    "short_net_pnl": -177.63199675515054,
    "short_trades": 1037,
    "sl_count": 1131,
    "spread_slippage_cost_estimate": 254.38533978788243,
    "timeout_count": 113,
    "total_gross_pnl": -231.3484828698716,
    "total_net_pnl": -417.8977225449552,
    "tp_count": 0,
    "trades_total": 2584,
    "trailing_count": 1340,
    "turnover_notional": 169603.291723475,
    "win_rate_net": 32.585139318885446,
    "worst_trade_net": -0.8441269175935469
  }
}