{
  "breakdowns": {
    "by_month": {
      "2024-01": {
        "net_pnl": 23.502009500000067,
        "trades": 365,
        "win_rate": 68.4931506849315,
        "wins": 250
      },
      "2024-02": {
        "net_pnl": 9.365037500000039,
        "trades": 273,
        "win_rate": 64.1025641025641,
        "wins": 175
      },
      "2024-03": {
        "net_pnl": -3.0547650000000064,
        "trades": 560,
        "win_rate": 61.07142857142858,
        "wins": 342
      },
      "2024-04": {
        "net_pnl": 5.00959164999977,
        "trades": 403,
        "win_rate": 60.7940446650124,
        "wins": 245
      },
      "2024-05": {
        "net_pnl": 1.1577308500000272,
        "trades": 288,
        "win_rate": 59.375,
        "wins": 171
      },
      "2024-06": {
        "net_pnl": -1.3242174000000069,
        "trades": 201,
        "win_rate": 56.71641791044776,
        "wins": 114
      },
      "2024-07": {
        "net_pnl": -10.641260100000109,
        "trades": 310,
        "win_rate": 56.774193548387096,
        "wins": 176
      },
      "2024-08": {
        "net_pnl": 12.175711799999966,
        "trades": 466,
        "win_rate": 62.231759656652365,
        "wins": 290
      },
      "2024-09": {
        "net_pnl": 5.656169949999933,
        "trades": 289,
        "win_rate": 62.9757785467128,
        "wins": 182
      },
      "2024-10": {
        "net_pnl": -12.459925950000041,
        "trades": 229,
        "win_rate": 52.40174672489083,
        "wins": 120
      },
      "2024-11": {
        "net_pnl": -12.105725199999892,
        "trades": 383,
        "win_rate": 57.44125326370757,
        "wins": 220
      },
      "2024-12": {
        "net_pnl": 1.2631918000000257,
        "trades": 350,
        "win_rate": 56.85714285714286,
        "wins": 199
      },
      "2025-01": {
        "net_pnl": -11.88381414999989,
        "trades": 340,
        "win_rate": 58.82352941176471,
        "wins": 200
      },
      "2025-02": {
        "net_pnl": -8.965271450000044,
        "trades": 296,
        "win_rate": 58.108108108108105,
        "wins": 172
      },
      "2025-03": {
        "net_pnl": -1.656467849999967,
        "trades": 390,
        "win_rate": 61.282051282051285,
        "wins": 239
      },
      "2025-04": {
        "net_pnl": -13.310118399999944,
        "trades": 300,
        "win_rate": 57.99999999999999,
        "wins": 174
      },
      "2025-05": {
        "net_pnl": -4.034950499999979,
        "trades": 188,
        "win_rate": 58.51063829787234,
        "wins": 110
      },
      "2025-06": {
        "net_pnl": -17.53102345000001,
        "trades": 140,
        "win_rate": 45.714285714285715,
        "wins": 64
      },
      "2025-07": {
        "net_pnl": -3.98610374999969,
        "trades": 139,
        "win_rate": 59.71223021582733,
        "wins": 83
      },
      "2025-08": {
        "net_pnl": 3.0661037500000976,
        "trades": 146,
        "win_rate": 62.328767123287676,
        "wins": 91
      },
      "2025-09": {
        "net_pnl": -1.347673149999959,
        "trades": 87,
        "win_rate": 56.32183908045977,
        "wins": 49
      },
      "2025-10": {
        "net_pnl": -1.002744299999876,
        "trades": 285,
        "win_rate": 57.19298245614035,
        "wins": 163
      },
      "2025-11": {
        "net_pnl": -9.689505249999804,
        "trades": 345,
        "win_rate": 58.550724637681164,
        "wins": 202
      },
      "2025-12": {
        "net_pnl": -12.810073399999908,
        "trades": 271,
        "win_rate": 57.564575645756456,
        "wins": 156
      },
      "2026-01": {
        "net_pnl": 9.864500899999944,
        "trades": 235,
        "win_rate": 63.829787234042556,
        "wins": 150
      },
      "2026-02": {
        "net_pnl": -14.974577849999832,
        "trades": 484,
        "win_rate": 56.81818181818182,
        "wins": 275
      },
      "2026-03": {
        "net_pnl": -10.297243599999979,
        "trades": 387,
        "win_rate": 56.58914728682171,
        "wins": 219
      },
      "2026-04": {
        "net_pnl": -1.8638067500001056,
        "trades": 188,
        "win_rate": 60.63829787234043,
        "wins": 114
      }
    },
    "by_outcome": {
      "sl": {
        "net_pnl": -1441.9788965999999,
        "trades": 3063
      },
      "timeout": {
        "net_pnl": -29.435199999999902,
        "trades": 534
      },
      "tp": {
        "net_pnl": 0.0,
        "trades": 0
      },
      "trailing": {
        "net_pnl": 1389.5348768000006,
        "trades": 4741
      }
    },
    "by_side": {
      "long": {
        "net_pnl": -51.60717059999983,
        "trades": 4792,
        "win_rate": 59.474123539232046
      },
      "short": {
        "net_pnl": -30.272049199999355,
        "trades": 3546,
        "win_rate": 59.08065425831923
      }
    },
    "by_year": {
      "2024": {
        "net_pnl": 18.543549399999733,
        "trades": 4117,
        "win_rate": 60.33519553072626,
        "wins": 2484
      },
      "2025": {
        "net_pnl": -83.15164189999885,
        "trades": 2927,
        "win_rate": 58.182439357704126,
        "wins": 1703
      },
      "2026": {
        "net_pnl": -17.271127299999993,
        "trades": 1294,
        "win_rate": 58.57805255023184,
        "wins": 758
      }
    }
  },
  "config": {
    "confidence": 0.45,
    "custom_fee_pct": 0.00055,
    "data_path": "data/normalized/bybit/BTCUSDT/5m/bybit_BTCUSDT_5m_20240101T000500Z_20260425T235500Z.csv",
    "date_end": null,
    "date_start": null,
    "exit_mode": "atr_trailing",
    "fee_mode": "taker",
    "funding_mode": "none",
    "initial_balance": 1000.0,
    "interval_minutes": 5,
    "look_ahead": 36,
    "maker_fee_pct": 0.0002,
    "model_path": "monster_v4_2.json",
    "order_qty": 0.001,
    "same_candle_policy": "conservative",
    "sl_pct": 0.006,
    "slippage_bps": 0.0,
    "source": "bybit",
    "spread_bps": 0.0,
    "symbol": "BTCUSDT",
    "taker_fee_pct": 0.0,
    "tp_pct": 0.012,
    "trailing": {
      "activation_pct": 0.004,
      "atr_mult": 1.4,
      "atr_period": 14,
      "keep_fixed_tp": false,
      "min_lock_pct": 0.0015
    }
  },
  "data_quality": {
    "duplicate_timestamps_count": 0,
    "expected_5m_rows": 243647,
    "gaps_first_5": [],
    "missing_candles_count": 0,
    "row_count": 243647,
    "timestamp_max_utc": "2026-04-25T23:55:00+00:00",
    "timestamp_min_utc": "2024-01-01T00:05:00+00:00"
  },
  "generated_at_utc": "2026-04-26T14:48:34.245110+00:00",
  "outcomes": {
    "skipped_no_atr": 0,
    "sl": 3063,
    "timeout": 534,
    "tp": 0,
    "trailing": 4741,
    "trailing_activated": 4770
  },
  "signals": {
    "long_signals_above_threshold": 32633,
    "no_signal_rows": 185312,
    "short_signals_above_threshold": 25415,
    "total_signal_rows": 243360
  },
  "summary": {
    "avg_duration_candles": 11.041136963300552,
    "avg_duration_minutes": 55.20568481650276,
    "avg_loss_net": -0.44249201196581195,
    "avg_trade_net": -0.009820007171983594,
    "avg_win_net": 0.28705686082912046,
    "best_trade_net": 6.4978399999999965,
    "expectancy_net": -0.009820007171983594,
    "fees_paid": 0.0,
    "final_balance": 918.1207802000008,
    "funding_paid": 0.0,
    "long_net_pnl": -51.60717059999983,
    "long_trades": 4792,
    "longest_losing_streak": 8,
    "max_drawdown_pct": 12.302548295933462,
    "max_drawdown_usdt": 128.3935559499963,
    "profit_factor_net": 0.9454638593482869,
    "short_net_pnl": -30.272049199999355,
    "short_trades": 3546,
    "sl_count": 3063,
    "spread_slippage_cost_estimate": 0.0,
    "timeout_count": 534,
    "total_gross_pnl": -81.8792197999992,
    "total_net_pnl": -81.8792197999992,
    "tp_count": 0,
    "trades_total": 8338,
    "trailing_count": 4741,
    "turnover_notional": 652598.5269,
    "win_rate_net": 59.306788198608785,
    "worst_trade_net": -0.7545791999999929
  }
}