{
  "breakdowns": {
    "by_month": {
      "2024-01": {
        "net_pnl": 12.884607349999973,
        "trades": 549,
        "win_rate": 63.387978142076506,
        "wins": 348
      },
      "2024-02": {
        "net_pnl": 8.66121980000001,
        "trades": 401,
        "win_rate": 63.092269326683294,
        "wins": 253
      },
      "2024-03": {
        "net_pnl": -9.526323650000087,
        "trades": 796,
        "win_rate": 58.79396984924623,
        "wins": 468
      },
      "2024-04": {
        "net_pnl": -2.804765550000133,
        "trades": 638,
        "win_rate": 59.87460815047022,
        "wins": 382
      },
      "2024-05": {
        "net_pnl": -1.9844423999999927,
        "trades": 451,
        "win_rate": 58.536585365853654,
        "wins": 264
      },
      "2024-06": {
        "net_pnl": -0.18687179999989187,
        "trades": 289,
        "win_rate": 59.16955017301038,
        "wins": 171
      },
      "2024-07": {
        "net_pnl": -14.234999250000106,
        "trades": 525,
        "win_rate": 56.952380952380956,
        "wins": 299
      },
      "2024-08": {
        "net_pnl": 10.47835839999995,
        "trades": 700,
        "win_rate": 60.71428571428571,
        "wins": 425
      },
      "2024-09": {
        "net_pnl": 3.13848859999994,
        "trades": 419,
        "win_rate": 60.381861575178995,
        "wins": 253
      },
      "2024-10": {
        "net_pnl": -13.582870850000065,
        "trades": 362,
        "win_rate": 54.972375690607734,
        "wins": 199
      },
      "2024-11": {
        "net_pnl": -10.305994699999818,
        "trades": 592,
        "win_rate": 57.432432432432435,
        "wins": 340
      },
      "2024-12": {
        "net_pnl": -22.268904049999897,
        "trades": 555,
        "win_rate": 55.67567567567567,
        "wins": 309
      },
      "2025-01": {
        "net_pnl": -7.292725150000135,
        "trades": 538,
        "win_rate": 59.479553903345725,
        "wins": 320
      },
      "2025-02": {
        "net_pnl": -12.141687050000042,
        "trades": 448,
        "win_rate": 58.92857142857143,
        "wins": 264
      },
      "2025-03": {
        "net_pnl": -0.8560344000001363,
        "trades": 610,
        "win_rate": 60.983606557377044,
        "wins": 372
      },
      "2025-04": {
        "net_pnl": -7.047391949999832,
        "trades": 463,
        "win_rate": 60.475161987041034,
        "wins": 280
      },
      "2025-05": {
        "net_pnl": -2.6783527500000486,
        "trades": 306,
        "win_rate": 59.150326797385624,
        "wins": 181
      },
      "2025-06": {
        "net_pnl": -11.552585249999952,
        "trades": 229,
        "win_rate": 51.96506550218341,
        "wins": 119
      },
      "2025-07": {
        "net_pnl": -5.988084349999813,
        "trades": 218,
        "win_rate": 57.3394495412844,
        "wins": 125
      },
      "2025-08": {
        "net_pnl": -3.6889044000001006,
        "trades": 238,
        "win_rate": 57.56302521008403,
        "wins": 137
      },
      "2025-09": {
        "net_pnl": -0.2570399500000073,
        "trades": 154,
        "win_rate": 55.1948051948052,
        "wins": 85
      },
      "2025-10": {
        "net_pnl": -24.619935149999794,
        "trades": 429,
        "win_rate": 53.613053613053616,
        "wins": 230
      },
      "2025-11": {
        "net_pnl": -37.92650624999983,
        "trades": 534,
        "win_rate": 56.17977528089888,
        "wins": 300
      },
      "2025-12": {
        "net_pnl": -8.336502349999925,
        "trades": 406,
        "win_rate": 57.635467980295566,
        "wins": 234
      },
      "2026-01": {
        "net_pnl": 11.46724380000018,
        "trades": 339,
        "win_rate": 63.421828908554566,
        "wins": 215
      },
      "2026-02": {
        "net_pnl": -19.029125949999752,
        "trades": 726,
        "win_rate": 57.30027548209367,
        "wins": 416
      },
      "2026-03": {
        "net_pnl": -3.1052600500002483,
        "trades": 573,
        "win_rate": 59.33682373472949,
        "wins": 340
      },
      "2026-04": {
        "net_pnl": 9.501105899999917,
        "trades": 302,
        "win_rate": 63.90728476821192,
        "wins": 193
      }
    },
    "by_outcome": {
      "sl": {
        "net_pnl": -2182.5291359999997,
        "trades": 4631
      },
      "timeout": {
        "net_pnl": -67.40350000000012,
        "trades": 1017
      },
      "tp": {
        "net_pnl": 355.51132679999995,
        "trades": 402
      },
      "trailing": {
        "net_pnl": 1731.1370258000002,
        "trades": 6740
      }
    },
    "by_side": {
      "long": {
        "net_pnl": -131.91197884999988,
        "trades": 8846,
        "win_rate": 58.919285552792225
      },
      "short": {
        "net_pnl": -31.37230454999977,
        "trades": 3944,
        "win_rate": 58.56997971602434
      }
    },
    "by_year": {
      "2024": {
        "net_pnl": -39.73249810000023,
        "trades": 6277,
        "win_rate": 59.12059901226701,
        "wins": 3711
      },
      "2025": {
        "net_pnl": -122.38574899999955,
        "trades": 4573,
        "win_rate": 57.88322764049858,
        "wins": 2647
      },
      "2026": {
        "net_pnl": -1.166036299999885,
        "trades": 1940,
        "win_rate": 60.0,
        "wins": 1164
      }
    }
  },
  "config": {
    "confidence": 0.3,
    "custom_fee_pct": 0.00055,
    "data_path": "data/normalized/bybit/BTCUSDT/5m/bybit_BTCUSDT_5m_20240101T000500Z_20260425T235500Z.csv",
    "date_end": null,
    "date_start": null,
    "exit_mode": "atr_trailing",
    "fee_mode": "taker",
    "funding_mode": "none",
    "initial_balance": 1000.0,
    "interval_minutes": 5,
    "look_ahead": 36,
    "maker_fee_pct": 0.0002,
    "model_path": "monster_v4_2.json",
    "order_qty": 0.001,
    "same_candle_policy": "conservative",
    "sl_pct": 0.006,
    "slippage_bps": 0.0,
    "source": "bybit",
    "spread_bps": 0.0,
    "symbol": "BTCUSDT",
    "taker_fee_pct": 0.0,
    "tp_pct": 0.012,
    "trailing": {
      "activation_pct": 0.004,
      "atr_mult": 1.4,
      "atr_period": 14,
      "keep_fixed_tp": true,
      "min_lock_pct": 0.0015
    }
  },
  "data_quality": {
    "duplicate_timestamps_count": 0,
    "expected_5m_rows": 243647,
    "gaps_first_5": [],
    "missing_candles_count": 0,
    "row_count": 243647,
    "timestamp_max_utc": "2026-04-25T23:55:00+00:00",
    "timestamp_min_utc": "2024-01-01T00:05:00+00:00"
  },
  "generated_at_utc": "2026-04-26T14:46:35.380116+00:00",
  "outcomes": {
    "skipped_no_atr": 0,
    "sl": 4631,
    "timeout": 1017,
    "tp": 402,
    "trailing": 6740,
    "trailing_activated": 7070
  },
  "signals": {
    "long_signals_above_threshold": 87874,
    "no_signal_rows": 59633,
    "short_signals_above_threshold": 95853,
    "total_signal_rows": 243360
  },
  "summary": {
    "avg_duration_candles": 11.804612978889757,
    "avg_duration_minutes": 59.02306489444879,
    "avg_loss_net": -0.43773297949886103,
    "avg_trade_net": -0.012766558514464399,
    "avg_win_net": 0.28485682698750325,
    "best_trade_net": 3.2170400000000083,
    "expectancy_net": -0.012766558514464399,
    "fees_paid": 0.0,
    "final_balance": 836.7157166000004,
    "funding_paid": 0.0,
    "long_net_pnl": -131.91197884999988,
    "long_trades": 8846,
    "longest_losing_streak": 10,
    "max_drawdown_pct": 20.37632437002387,
    "max_drawdown_usdt": 210.52266535000092,
    "profit_factor_net": 0.9291908550657151,
    "short_net_pnl": -31.37230454999977,
    "short_trades": 3944,
    "sl_count": 4631,
    "spread_slippage_cost_estimate": 0.0,
    "timeout_count": 1017,
    "total_gross_pnl": -163.28428339999965,
    "total_net_pnl": -163.28428339999965,
    "tp_count": 402,
    "trades_total": 12790,
    "trailing_count": 6740,
    "turnover_notional": 1005779.7577000001,
    "win_rate_net": 58.81157154026583,
    "worst_trade_net": -0.7542773999999918
  }
}