{
  "breakdowns": {
    "by_month": {
      "2024-01": {
        "net_pnl": 12.031544713570604,
        "trades": 243,
        "win_rate": 49.794238683127574,
        "wins": 121
      },
      "2024-02": {
        "net_pnl": -6.835216180763712,
        "trades": 181,
        "win_rate": 37.01657458563536,
        "wins": 67
      },
      "2024-03": {
        "net_pnl": -45.171589705483576,
        "trades": 398,
        "win_rate": 32.41206030150754,
        "wins": 129
      },
      "2024-04": {
        "net_pnl": -8.872554854974899,
        "trades": 248,
        "win_rate": 41.53225806451613,
        "wins": 103
      },
      "2024-05": {
        "net_pnl": -16.252756754685727,
        "trades": 199,
        "win_rate": 35.678391959798994,
        "wins": 71
      },
      "2024-06": {
        "net_pnl": -14.302154310536965,
        "trades": 143,
        "win_rate": 35.66433566433567,
        "wins": 51
      },
      "2024-07": {
        "net_pnl": -31.38055082351647,
        "trades": 224,
        "win_rate": 30.80357142857143,
        "wins": 69
      },
      "2024-08": {
        "net_pnl": -12.504271481647214,
        "trades": 326,
        "win_rate": 40.79754601226993,
        "wins": 133
      },
      "2024-09": {
        "net_pnl": -5.258735879420009,
        "trades": 189,
        "win_rate": 42.32804232804233,
        "wins": 80
      },
      "2024-10": {
        "net_pnl": -23.986372063002783,
        "trades": 168,
        "win_rate": 32.73809523809524,
        "wins": 55
      },
      "2024-11": {
        "net_pnl": -39.98879188063159,
        "trades": 264,
        "win_rate": 32.57575757575758,
        "wins": 86
      },
      "2024-12": {
        "net_pnl": -48.23493698233414,
        "trades": 262,
        "win_rate": 32.06106870229007,
        "wins": 84
      },
      "2025-01": {
        "net_pnl": -54.192163456265746,
        "trades": 241,
        "win_rate": 29.460580912863072,
        "wins": 71
      },
      "2025-02": {
        "net_pnl": -50.12800113086445,
        "trades": 218,
        "win_rate": 27.981651376146786,
        "wins": 61
      },
      "2025-03": {
        "net_pnl": -42.71427410633974,
        "trades": 274,
        "win_rate": 32.846715328467155,
        "wins": 90
      },
      "2025-04": {
        "net_pnl": -33.94456864449931,
        "trades": 207,
        "win_rate": 33.81642512077295,
        "wins": 70
      },
      "2025-05": {
        "net_pnl": -27.23447729444391,
        "trades": 127,
        "win_rate": 30.708661417322837,
        "wins": 39
      },
      "2025-06": {
        "net_pnl": -28.25534994539993,
        "trades": 112,
        "win_rate": 31.25,
        "wins": 35
      },
      "2025-07": {
        "net_pnl": -26.193492124365523,
        "trades": 101,
        "win_rate": 33.663366336633665,
        "wins": 34
      },
      "2025-08": {
        "net_pnl": -18.181320837638495,
        "trades": 110,
        "win_rate": 38.18181818181819,
        "wins": 42
      },
      "2025-09": {
        "net_pnl": -15.67546180629887,
        "trades": 67,
        "win_rate": 31.343283582089555,
        "wins": 21
      },
      "2025-10": {
        "net_pnl": -42.652274906880216,
        "trades": 205,
        "win_rate": 32.19512195121951,
        "wins": 66
      },
      "2025-11": {
        "net_pnl": -36.48351879283719,
        "trades": 228,
        "win_rate": 33.771929824561404,
        "wins": 77
      },
      "2025-12": {
        "net_pnl": -29.753816712804447,
        "trades": 199,
        "win_rate": 31.155778894472363,
        "wins": 62
      },
      "2026-01": {
        "net_pnl": -22.09272060795253,
        "trades": 148,
        "win_rate": 33.78378378378378,
        "wins": 50
      },
      "2026-02": {
        "net_pnl": -51.46690463913847,
        "trades": 338,
        "win_rate": 30.17751479289941,
        "wins": 102
      },
      "2026-03": {
        "net_pnl": -25.092144074326445,
        "trades": 255,
        "win_rate": 36.86274509803922,
        "wins": 94
      },
      "2026-04": {
        "net_pnl": -14.909095990738887,
        "trades": 129,
        "win_rate": 34.10852713178294,
        "wins": 44
      }
    },
    "by_outcome": {
      "sl": {
        "net_pnl": -1810.698154085791,
        "trades": 3111
      },
      "timeout": {
        "net_pnl": 65.60240184697584,
        "trades": 1451
      },
      "tp": {
        "net_pnl": 985.3697809645946,
        "trades": 1242
      },
      "trailing": {
        "net_pnl": 0.0,
        "trades": 0
      }
    },
    "by_side": {
      "long": {
        "net_pnl": -440.8479673417924,
        "trades": 3318,
        "win_rate": 34.87040385774563
      },
      "short": {
        "net_pnl": -318.87800393242816,
        "trades": 2486,
        "win_rate": 34.19147224456959
      }
    },
    "by_year": {
      "2024": {
        "net_pnl": -240.75638620342636,
        "trades": 2845,
        "win_rate": 36.87170474516696,
        "wins": 1049
      },
      "2025": {
        "net_pnl": -405.40871975863786,
        "trades": 2089,
        "win_rate": 31.977022498803255,
        "wins": 668
      },
      "2026": {
        "net_pnl": -113.56086531215618,
        "trades": 870,
        "win_rate": 33.33333333333333,
        "wins": 290
      }
    }
  },
  "config": {
    "confidence": 0.45,
    "custom_fee_pct": 0.00055,
    "data_path": "data/normalized/bybit/BTCUSDT/5m/bybit_BTCUSDT_5m_20240101T000500Z_20260425T235500Z.csv",
    "date_end": null,
    "date_start": null,
    "exit_mode": "fixed",
    "fee_mode": "taker",
    "funding_mode": "none",
    "initial_balance": 1000.0,
    "interval_minutes": 5,
    "look_ahead": 36,
    "maker_fee_pct": 0.0002,
    "model_path": "monster_v4_2.json",
    "order_qty": 0.001,
    "same_candle_policy": "conservative",
    "sl_pct": 0.006,
    "slippage_bps": 2.0,
    "source": "bybit",
    "spread_bps": 2.0,
    "symbol": "BTCUSDT",
    "taker_fee_pct": 0.00055,
    "tp_pct": 0.012,
    "trailing": null
  },
  "data_quality": {
    "duplicate_timestamps_count": 0,
    "expected_5m_rows": 243647,
    "gaps_first_5": [],
    "missing_candles_count": 0,
    "row_count": 243647,
    "timestamp_max_utc": "2026-04-25T23:55:00+00:00",
    "timestamp_min_utc": "2024-01-01T00:05:00+00:00"
  },
  "generated_at_utc": "2026-04-26T14:45:48.939831+00:00",
  "outcomes": {
    "skipped_no_atr": 0,
    "sl": 3111,
    "timeout": 1451,
    "tp": 1242,
    "trailing": 0,
    "trailing_activated": 0
  },
  "signals": {
    "long_signals_above_threshold": 32633,
    "no_signal_rows": 185312,
    "short_signals_above_threshold": 25415,
    "total_signal_rows": 243360
  },
  "summary": {
    "avg_duration_candles": 17.644038594073052,
    "avg_duration_minutes": 88.22019297036526,
    "avg_loss_net": -0.5145464570718195,
    "avg_trade_net": -0.13089696265923856,
    "avg_win_net": 0.5949212387780158,
    "best_trade_net": 1.2980657280293375,
    "expectancy_net": -0.13089696265923856,
    "fees_paid": 502.17988831129,
    "final_balance": 240.27402872577943,
    "funding_paid": 0.0,
    "long_net_pnl": -440.8479673417924,
    "long_trades": 3318,
    "longest_losing_streak": 16,
    "max_drawdown_pct": 76.41704515187293,
    "max_drawdown_usdt": 778.5721263601017,
    "profit_factor_net": 0.6111413324484085,
    "short_net_pnl": -318.87800393242816,
    "short_trades": 2486,
    "sl_count": 3111,
    "spread_slippage_cost_estimate": 273.9163041885391,
    "timeout_count": 1451,
    "total_gross_pnl": -257.5460829629306,
    "total_net_pnl": -759.7259712742206,
    "tp_count": 1242,
    "trades_total": 5804,
    "trailing_count": 0,
    "turnover_notional": 456553.48201909004,
    "win_rate_net": 34.57960027567195,
    "worst_trade_net": -0.9159308386987082
  }
}