{
  "breakdowns": {
    "by_month": {
      "2024-01": {
        "net_pnl": -1.8798859969167014,
        "trades": 361,
        "win_rate": 66.4819944598338,
        "wins": 240
      },
      "2024-02": {
        "net_pnl": -17.32460301942912,
        "trades": 277,
        "win_rate": 57.761732851985556,
        "wins": 160
      },
      "2024-03": {
        "net_pnl": -61.921881738014555,
        "trades": 575,
        "win_rate": 58.08695652173913,
        "wins": 334
      },
      "2024-04": {
        "net_pnl": -35.67824467225858,
        "trades": 406,
        "win_rate": 59.85221674876847,
        "wins": 243
      },
      "2024-05": {
        "net_pnl": -30.815545377377823,
        "trades": 295,
        "win_rate": 54.91525423728814,
        "wins": 162
      },
      "2024-06": {
        "net_pnl": -25.072186060973458,
        "trades": 199,
        "win_rate": 49.74874371859296,
        "wins": 99
      },
      "2024-07": {
        "net_pnl": -39.94853997583185,
        "trades": 311,
        "win_rate": 53.054662379421224,
        "wins": 165
      },
      "2024-08": {
        "net_pnl": -32.16672333063502,
        "trades": 494,
        "win_rate": 59.91902834008097,
        "wins": 296
      },
      "2024-09": {
        "net_pnl": -23.906448763748486,
        "trades": 292,
        "win_rate": 57.87671232876712,
        "wins": 169
      },
      "2024-10": {
        "net_pnl": -36.28880157135895,
        "trades": 227,
        "win_rate": 49.33920704845815,
        "wins": 112
      },
      "2024-11": {
        "net_pnl": -68.4765620171832,
        "trades": 388,
        "win_rate": 54.123711340206185,
        "wins": 210
      },
      "2024-12": {
        "net_pnl": -61.69454967117129,
        "trades": 356,
        "win_rate": 53.37078651685393,
        "wins": 190
      },
      "2025-01": {
        "net_pnl": -71.42067723306882,
        "trades": 341,
        "win_rate": 51.90615835777126,
        "wins": 177
      },
      "2025-02": {
        "net_pnl": -58.00860732720712,
        "trades": 300,
        "win_rate": 50.33333333333333,
        "wins": 151
      },
      "2025-03": {
        "net_pnl": -54.67255540695083,
        "trades": 401,
        "win_rate": 56.60847880299252,
        "wins": 227
      },
      "2025-04": {
        "net_pnl": -54.122680223213074,
        "trades": 306,
        "win_rate": 54.90196078431373,
        "wins": 168
      },
      "2025-05": {
        "net_pnl": -31.998037010755684,
        "trades": 178,
        "win_rate": 53.37078651685393,
        "wins": 95
      },
      "2025-06": {
        "net_pnl": -42.70738010161039,
        "trades": 139,
        "win_rate": 39.568345323741006,
        "wins": 55
      },
      "2025-07": {
        "net_pnl": -26.501296585868978,
        "trades": 127,
        "win_rate": 51.96850393700787,
        "wins": 66
      },
      "2025-08": {
        "net_pnl": -27.609532629526036,
        "trades": 151,
        "win_rate": 53.64238410596026,
        "wins": 81
      },
      "2025-09": {
        "net_pnl": -16.447273177260357,
        "trades": 85,
        "win_rate": 51.76470588235295,
        "wins": 44
      },
      "2025-10": {
        "net_pnl": -67.42069800714614,
        "trades": 288,
        "win_rate": 51.736111111111114,
        "wins": 149
      },
      "2025-11": {
        "net_pnl": -57.11099724108925,
        "trades": 346,
        "win_rate": 55.78034682080924,
        "wins": 193
      },
      "2025-12": {
        "net_pnl": -50.92358656756321,
        "trades": 275,
        "win_rate": 52.0,
        "wins": 143
      },
      "2026-01": {
        "net_pnl": -26.832824517041903,
        "trades": 228,
        "win_rate": 57.45614035087719,
        "wins": 131
      },
      "2026-02": {
        "net_pnl": -73.604414111766,
        "trades": 496,
        "win_rate": 52.82258064516129,
        "wins": 262
      },
      "2026-03": {
        "net_pnl": -52.58767590968254,
        "trades": 393,
        "win_rate": 54.4529262086514,
        "wins": 214
      },
      "2026-04": {
        "net_pnl": -23.740098232174866,
        "trades": 185,
        "win_rate": 55.13513513513514,
        "wins": 102
      }
    },
    "by_outcome": {
      "sl": {
        "net_pnl": -1945.6775617203805,
        "trades": 3350
      },
      "timeout": {
        "net_pnl": -92.24594735582905,
        "trades": 522
      },
      "tp": {
        "net_pnl": 249.1038807351026,
        "trades": 319
      },
      "trailing": {
        "net_pnl": 617.9373218642828,
        "trades": 4229
      }
    },
    "by_side": {
      "long": {
        "net_pnl": -683.5155757297997,
        "trades": 4857,
        "win_rate": 55.178093473337455
      },
      "short": {
        "net_pnl": -487.3667307470244,
        "trades": 3563,
        "win_rate": 54.953690710075776
      }
    },
    "by_year": {
      "2024": {
        "net_pnl": -435.1739721948989,
        "trades": 4181,
        "win_rate": 56.92418081798613,
        "wins": 2380
      },
      "2025": {
        "net_pnl": -558.9433215112597,
        "trades": 2937,
        "win_rate": 52.740892066734766,
        "wins": 1549
      },
      "2026": {
        "net_pnl": -176.76501277066524,
        "trades": 1302,
        "win_rate": 54.45468509984639,
        "wins": 709
      }
    }
  },
  "config": {
    "confidence": 0.45,
    "custom_fee_pct": 0.00055,
    "data_path": "data/normalized/bybit/BTCUSDT/5m/bybit_BTCUSDT_5m_20240101T000500Z_20260425T235500Z.csv",
    "date_end": null,
    "date_start": null,
    "exit_mode": "atr_trailing",
    "fee_mode": "taker",
    "funding_mode": "none",
    "initial_balance": 1000.0,
    "interval_minutes": 5,
    "look_ahead": 36,
    "maker_fee_pct": 0.0002,
    "model_path": "monster_v4_2.json",
    "order_qty": 0.001,
    "same_candle_policy": "conservative",
    "sl_pct": 0.006,
    "slippage_bps": 2.0,
    "source": "bybit",
    "spread_bps": 2.0,
    "symbol": "BTCUSDT",
    "taker_fee_pct": 0.00055,
    "tp_pct": 0.012,
    "trailing": {
      "activation_pct": 0.004,
      "atr_mult": 1.4,
      "atr_period": 14,
      "keep_fixed_tp": true,
      "min_lock_pct": 0.0015
    }
  },
  "data_quality": {
    "duplicate_timestamps_count": 0,
    "expected_5m_rows": 243647,
    "gaps_first_5": [],
    "missing_candles_count": 0,
    "row_count": 243647,
    "timestamp_max_utc": "2026-04-25T23:55:00+00:00",
    "timestamp_min_utc": "2024-01-01T00:05:00+00:00"
  },
  "generated_at_utc": "2026-04-26T14:47:10.440865+00:00",
  "outcomes": {
    "skipped_no_atr": 0,
    "sl": 3350,
    "timeout": 522,
    "tp": 319,
    "trailing": 4229,
    "trailing_activated": 4448
  },
  "signals": {
    "long_signals_above_threshold": 32633,
    "no_signal_rows": 185312,
    "short_signals_above_threshold": 25415,
    "total_signal_rows": 243360
  },
  "summary": {
    "avg_duration_candles": 10.894893111638956,
    "avg_duration_minutes": 54.47446555819478,
    "avg_loss_net": -0.5415230695965269,
    "avg_trade_net": -0.13905965635116674,
    "avg_win_net": 0.1891241791154033,
    "best_trade_net": 2.992746349432602,
    "expectancy_net": -0.13905965635116674,
    "fees_paid": 723.0398866534965,
    "final_balance": -170.88230647682394,
    "funding_paid": 0.0,
    "long_net_pnl": -683.5155757297997,
    "long_trades": 4857,
    "longest_losing_streak": 11,
    "max_drawdown_pct": 116.93957296213095,
    "max_drawdown_usdt": 1179.6580699440187,
    "profit_factor_net": 0.428291359544252,
    "short_net_pnl": -487.3667307470244,
    "short_trades": 3563,
    "sl_count": 3350,
    "spread_slippage_cost_estimate": 394.38538790891266,
    "timeout_count": 522,
    "total_gross_pnl": -447.84241982332765,
    "total_net_pnl": -1170.882306476824,
    "tp_count": 319,
    "trades_total": 8420,
    "trailing_count": 4229,
    "turnover_notional": 657353.1714309,
    "win_rate_net": 55.08313539192399,
    "worst_trade_net": -0.9298925901490767
  }
}