{
  "breakdowns": {
    "by_month": {
      "2024-01": {
        "net_pnl": -0.7598403790477133,
        "trades": 104,
        "win_rate": 50.0,
        "wins": 52
      },
      "2024-02": {
        "net_pnl": -7.37884132516769,
        "trades": 73,
        "win_rate": 34.24657534246575,
        "wins": 25
      },
      "2024-03": {
        "net_pnl": -30.759048002436145,
        "trades": 184,
        "win_rate": 23.91304347826087,
        "wins": 44
      },
      "2024-04": {
        "net_pnl": -15.498105589752942,
        "trades": 95,
        "win_rate": 30.526315789473685,
        "wins": 29
      },
      "2024-05": {
        "net_pnl": -8.971530119542264,
        "trades": 55,
        "win_rate": 32.72727272727273,
        "wins": 18
      },
      "2024-06": {
        "net_pnl": -6.639118784652586,
        "trades": 28,
        "win_rate": 35.714285714285715,
        "wins": 10
      },
      "2024-07": {
        "net_pnl": -12.206903715899783,
        "trades": 74,
        "win_rate": 33.78378378378378,
        "wins": 25
      },
      "2024-08": {
        "net_pnl": -16.189031732130946,
        "trades": 121,
        "win_rate": 30.57851239669421,
        "wins": 37
      },
      "2024-09": {
        "net_pnl": -4.7587065289552894,
        "trades": 70,
        "win_rate": 44.285714285714285,
        "wins": 31
      },
      "2024-10": {
        "net_pnl": -12.225767884086753,
        "trades": 41,
        "win_rate": 24.390243902439025,
        "wins": 10
      },
      "2024-11": {
        "net_pnl": -24.080816514309834,
        "trades": 99,
        "win_rate": 26.262626262626267,
        "wins": 26
      },
      "2024-12": {
        "net_pnl": -26.813857229618904,
        "trades": 83,
        "win_rate": 25.301204819277107,
        "wins": 21
      },
      "2025-01": {
        "net_pnl": -10.738266074081995,
        "trades": 62,
        "win_rate": 33.87096774193548,
        "wins": 21
      },
      "2025-02": {
        "net_pnl": -27.912117296699094,
        "trades": 94,
        "win_rate": 19.148936170212767,
        "wins": 18
      },
      "2025-03": {
        "net_pnl": -30.410861871978614,
        "trades": 119,
        "win_rate": 25.210084033613445,
        "wins": 30
      },
      "2025-04": {
        "net_pnl": -24.068058230888987,
        "trades": 83,
        "win_rate": 25.301204819277107,
        "wins": 21
      },
      "2025-05": {
        "net_pnl": -11.054579978398161,
        "trades": 29,
        "win_rate": 34.48275862068966,
        "wins": 10
      },
      "2025-06": {
        "net_pnl": -7.396001315135276,
        "trades": 24,
        "win_rate": 37.5,
        "wins": 9
      },
      "2025-07": {
        "net_pnl": -9.585203136175723,
        "trades": 34,
        "win_rate": 35.294117647058826,
        "wins": 12
      },
      "2025-08": {
        "net_pnl": -11.74613965711249,
        "trades": 29,
        "win_rate": 31.03448275862069,
        "wins": 9
      },
      "2025-09": {
        "net_pnl": -3.6727633967882065,
        "trades": 9,
        "win_rate": 11.11111111111111,
        "wins": 1
      },
      "2025-10": {
        "net_pnl": -22.741376210804788,
        "trades": 80,
        "win_rate": 28.749999999999996,
        "wins": 23
      },
      "2025-11": {
        "net_pnl": -25.44346029091115,
        "trades": 90,
        "win_rate": 24.444444444444443,
        "wins": 22
      },
      "2025-12": {
        "net_pnl": -10.691559932789982,
        "trades": 51,
        "win_rate": 29.411764705882355,
        "wins": 15
      },
      "2026-01": {
        "net_pnl": -13.881489824176755,
        "trades": 62,
        "win_rate": 32.25806451612903,
        "wins": 20
      },
      "2026-02": {
        "net_pnl": -26.187562606520874,
        "trades": 137,
        "win_rate": 22.62773722627737,
        "wins": 31
      },
      "2026-03": {
        "net_pnl": -14.83835446182505,
        "trades": 94,
        "win_rate": 30.851063829787233,
        "wins": 29
      },
      "2026-04": {
        "net_pnl": -8.523463235349984,
        "trades": 36,
        "win_rate": 38.88888888888889,
        "wins": 14
      }
    },
    "by_outcome": {
      "sl": {
        "net_pnl": -567.3339422045611,
        "trades": 932
      },
      "timeout": {
        "net_pnl": -20.735323667521993,
        "trades": 105
      },
      "tp": {
        "net_pnl": 77.84699965085319,
        "trades": 104
      },
      "trailing": {
        "net_pnl": 85.04944089599196,
        "trades": 919
      }
    },
    "by_side": {
      "long": {
        "net_pnl": -278.82155229545634,
        "trades": 1415,
        "win_rate": 27.491166077738516
      },
      "short": {
        "net_pnl": -146.35127302978165,
        "trades": 645,
        "win_rate": 34.72868217054263
      }
    },
    "by_year": {
      "2024": {
        "net_pnl": -166.281567805601,
        "trades": 1027,
        "win_rate": 31.93768257059396,
        "wins": 328
      },
      "2025": {
        "net_pnl": -195.4603873917644,
        "trades": 704,
        "win_rate": 27.130681818181817,
        "wins": 191
      },
      "2026": {
        "net_pnl": -63.430870127872694,
        "trades": 329,
        "win_rate": 28.57142857142857,
        "wins": 94
      }
    }
  },
  "config": {
    "confidence": 0.6,
    "custom_fee_pct": 0.00055,
    "data_path": "data/normalized/bybit/BTCUSDT/5m/bybit_BTCUSDT_5m_20240101T000500Z_20260425T235500Z.csv",
    "date_end": null,
    "date_start": null,
    "exit_mode": "atr_trailing",
    "fee_mode": "taker",
    "funding_mode": "none",
    "initial_balance": 1000.0,
    "interval_minutes": 5,
    "look_ahead": 36,
    "maker_fee_pct": 0.0002,
    "model_path": "monster_v4_2.json",
    "order_qty": 0.001,
    "same_candle_policy": "conservative",
    "sl_pct": 0.006,
    "slippage_bps": 5.0,
    "source": "bybit",
    "spread_bps": 5.0,
    "symbol": "BTCUSDT",
    "taker_fee_pct": 0.00055,
    "tp_pct": 0.012,
    "trailing": {
      "activation_pct": 0.004,
      "atr_mult": 1.4,
      "atr_period": 14,
      "keep_fixed_tp": true,
      "min_lock_pct": 0.0015
    }
  },
  "data_quality": {
    "duplicate_timestamps_count": 0,
    "expected_5m_rows": 243647,
    "gaps_first_5": [],
    "missing_candles_count": 0,
    "row_count": 243647,
    "timestamp_max_utc": "2026-04-25T23:55:00+00:00",
    "timestamp_min_utc": "2024-01-01T00:05:00+00:00"
  },
  "generated_at_utc": "2026-04-26T14:47:59.474471+00:00",
  "outcomes": {
    "skipped_no_atr": 0,
    "sl": 932,
    "timeout": 105,
    "tp": 104,
    "trailing": 919,
    "trailing_activated": 992
  },
  "signals": {
    "long_signals_above_threshold": 5117,
    "no_signal_rows": 234897,
    "short_signals_above_threshold": 3346,
    "total_signal_rows": 243360
  },
  "summary": {
    "avg_duration_candles": 9.185436893203883,
    "avg_duration_minutes": 45.92718446601942,
    "avg_loss_net": -0.4147599492038891,
    "avg_trade_net": -0.206394575400601,
    "avg_win_net": 0.28545647825903664,
    "best_trade_net": 1.220589821717262,
    "expectancy_net": -0.206394575400601,
    "fees_paid": 173.88524829947335,
    "final_balance": 574.827174674762,
    "funding_paid": 0.0,
    "long_net_pnl": -278.82155229545634,
    "long_trades": 1415,
    "longest_losing_streak": 23,
    "max_drawdown_pct": 42.63078308973866,
    "max_drawdown_usdt": 427.15124795897395,
    "profit_factor_net": 0.2915647616819368,
    "short_net_pnl": -146.35127302978165,
    "short_trades": 645,
    "sl_count": 932,
    "spread_slippage_cost_estimate": 237.1162397097143,
    "timeout_count": 105,
    "total_gross_pnl": -251.28757702576468,
    "total_net_pnl": -425.172825325238,
    "tp_count": 104,
    "trades_total": 2060,
    "trailing_count": 919,
    "turnover_notional": 158112.477442675,
    "win_rate_net": 29.75728155339806,
    "worst_trade_net": -0.9718634636281839
  }
}