{
  "breakdowns": {
    "by_month": {
      "2025-01": {
        "net_pnl": -0.7656614000000123,
        "trades": 55,
        "win_rate": 40.0,
        "wins": 22
      },
      "2025-02": {
        "net_pnl": -3.86473460000001,
        "trades": 64,
        "win_rate": 29.6875,
        "wins": 19
      },
      "2025-03": {
        "net_pnl": -3.6677589999999896,
        "trades": 82,
        "win_rate": 34.146341463414636,
        "wins": 28
      },
      "2025-04": {
        "net_pnl": -5.963637000000062,
        "trades": 63,
        "win_rate": 30.158730158730158,
        "wins": 19
      },
      "2025-05": {
        "net_pnl": -4.865583399999945,
        "trades": 26,
        "win_rate": 30.76923076923077,
        "wins": 8
      },
      "2025-06": {
        "net_pnl": -1.9824373999999807,
        "trades": 21,
        "win_rate": 42.857142857142854,
        "wins": 9
      },
      "2025-07": {
        "net_pnl": 1.169231999999974,
        "trades": 31,
        "win_rate": 54.83870967741935,
        "wins": 17
      },
      "2025-08": {
        "net_pnl": -2.411864799999996,
        "trades": 24,
        "win_rate": 33.33333333333333,
        "wins": 8
      },
      "2025-09": {
        "net_pnl": -1.6459234000000142,
        "trades": 10,
        "win_rate": 30.0,
        "wins": 3
      },
      "2025-10": {
        "net_pnl": 2.1963589999999673,
        "trades": 55,
        "win_rate": 47.27272727272727,
        "wins": 26
      },
      "2025-11": {
        "net_pnl": 0.750193599999971,
        "trades": 65,
        "win_rate": 40.0,
        "wins": 26
      },
      "2025-12": {
        "net_pnl": -1.465813599999979,
        "trades": 43,
        "win_rate": 41.86046511627907,
        "wins": 18
      }
    },
    "by_outcome": {
      "sl": {
        "net_pnl": -167.85253920000005,
        "trades": 297
      },
      "timeout": {
        "net_pnl": 26.686599999999935,
        "trades": 135
      },
      "tp": {
        "net_pnl": 118.64830920000006,
        "trades": 107
      },
      "trailing": {
        "net_pnl": 0.0,
        "trades": 0
      }
    },
    "by_side": {
      "long": {
        "net_pnl": -14.93735540000006,
        "trades": 363,
        "win_rate": 36.91460055096419
      },
      "short": {
        "net_pnl": -7.580274600000019,
        "trades": 176,
        "win_rate": 39.20454545454545
      }
    },
    "by_year": {
      "2025": {
        "net_pnl": -22.517630000000057,
        "trades": 539,
        "win_rate": 37.66233766233766,
        "wins": 203
      }
    }
  },
  "config": {
    "confidence": 0.6,
    "custom_fee_pct": 0.00055,
    "data_path": "data/normalized/bybit/BTCUSDT/5m/bybit_BTCUSDT_5m_20240101T000500Z_20260425T235500Z.csv",
    "date_end": "2026-01-01T00:00:00Z",
    "date_start": "2025-01-01T00:00:00Z",
    "exit_mode": "fixed",
    "fee_mode": "taker",
    "funding_mode": "none",
    "initial_balance": 1000.0,
    "interval_minutes": 5,
    "look_ahead": 36,
    "maker_fee_pct": 0.0002,
    "model_path": "monster_v4_2.json",
    "order_qty": 0.001,
    "same_candle_policy": "conservative",
    "sl_pct": 0.006,
    "slippage_bps": 0.0,
    "source": "bybit",
    "spread_bps": 0.0,
    "symbol": "BTCUSDT",
    "taker_fee_pct": 0.0,
    "tp_pct": 0.012,
    "trailing": null
  },
  "data_quality": {
    "duplicate_timestamps_count": 0,
    "expected_5m_rows": 105120,
    "gaps_first_5": [],
    "missing_candles_count": 0,
    "row_count": 105120,
    "timestamp_max_utc": "2025-12-31T23:55:00+00:00",
    "timestamp_min_utc": "2025-01-01T00:00:00+00:00"
  },
  "generated_at_utc": "2026-04-26T14:46:19.413727+00:00",
  "outcomes": {
    "skipped_no_atr": 0,
    "sl": 297,
    "timeout": 135,
    "tp": 107,
    "trailing": 0,
    "trailing_activated": 0
  },
  "signals": {
    "long_signals_above_threshold": 1857,
    "no_signal_rows": 101730,
    "short_signals_above_threshold": 1246,
    "total_signal_rows": 104833
  },
  "summary": {
    "avg_duration_candles": 17.15769944341373,
    "avg_duration_minutes": 85.78849721706865,
    "avg_loss_net": -0.5192542833333336,
    "avg_trade_net": -0.041776679035250605,
    "avg_win_net": 0.7485310798029557,
    "best_trade_net": 1.4224116000000067,
    "expectancy_net": -0.041776679035250605,
    "fees_paid": 0.0,
    "final_balance": 977.48237,
    "funding_paid": 0.0,
    "long_net_pnl": -14.93735540000006,
    "long_trades": 363,
    "longest_losing_streak": 12,
    "max_drawdown_pct": 3.1172953627619133,
    "max_drawdown_usdt": 31.335001999999804,
    "profit_factor_net": 0.870936537062016,
    "short_net_pnl": -7.580274600000019,
    "short_trades": 176,
    "sl_count": 297,
    "spread_slippage_cost_estimate": 0.0,
    "timeout_count": 135,
    "total_gross_pnl": -22.517630000000075,
    "total_net_pnl": -22.517630000000075,
    "tp_count": 107,
    "trades_total": 539,
    "trailing_count": 0,
    "turnover_notional": 51798.5823,
    "win_rate_net": 37.66233766233766,
    "worst_trade_net": -0.7363007999999973
  }
}