{
  "breakdowns": {
    "by_month": {
      "2025-01": {
        "net_pnl": -17.993403400000062,
        "trades": 332,
        "win_rate": 37.04819277108434,
        "wins": 123
      },
      "2025-02": {
        "net_pnl": -3.11370639999998,
        "trades": 298,
        "win_rate": 38.59060402684564,
        "wins": 115
      },
      "2025-03": {
        "net_pnl": 1.1963985999998523,
        "trades": 382,
        "win_rate": 39.52879581151832,
        "wins": 151
      },
      "2025-04": {
        "net_pnl": 7.582647399999977,
        "trades": 287,
        "win_rate": 43.90243902439025,
        "wins": 126
      },
      "2025-05": {
        "net_pnl": 0.39397959999987686,
        "trades": 202,
        "win_rate": 43.06930693069307,
        "wins": 87
      },
      "2025-06": {
        "net_pnl": -6.564335600000038,
        "trades": 156,
        "win_rate": 39.743589743589745,
        "wins": 62
      },
      "2025-07": {
        "net_pnl": 3.690441600000038,
        "trades": 153,
        "win_rate": 48.36601307189542,
        "wins": 74
      },
      "2025-08": {
        "net_pnl": 0.9583323999999833,
        "trades": 166,
        "win_rate": 45.78313253012048,
        "wins": 76
      },
      "2025-09": {
        "net_pnl": 2.152386200000051,
        "trades": 111,
        "win_rate": 48.64864864864865,
        "wins": 54
      },
      "2025-10": {
        "net_pnl": -26.01050159999999,
        "trades": 284,
        "win_rate": 38.38028169014084,
        "wins": 109
      },
      "2025-11": {
        "net_pnl": -25.994665800000153,
        "trades": 318,
        "win_rate": 35.22012578616352,
        "wins": 112
      },
      "2025-12": {
        "net_pnl": 2.7138285999999825,
        "trades": 275,
        "win_rate": 42.90909090909091,
        "wins": 118
      }
    },
    "by_outcome": {
      "sl": {
        "net_pnl": -834.3348276000007,
        "trades": 1428
      },
      "timeout": {
        "net_pnl": 217.76159999999982,
        "trades": 1045
      },
      "tp": {
        "net_pnl": 555.5846292000004,
        "trades": 491
      },
      "trailing": {
        "net_pnl": 0.0,
        "trades": 0
      }
    },
    "by_side": {
      "long": {
        "net_pnl": -45.24447480000025,
        "trades": 1965,
        "win_rate": 40.25445292620865
      },
      "short": {
        "net_pnl": -15.744123600000224,
        "trades": 999,
        "win_rate": 41.64164164164164
      }
    },
    "by_year": {
      "2025": {
        "net_pnl": -60.98859840000048,
        "trades": 2964,
        "win_rate": 40.721997300944665,
        "wins": 1207
      }
    }
  },
  "config": {
    "confidence": 0.3,
    "custom_fee_pct": 0.00055,
    "data_path": "data/normalized/bybit/BTCUSDT/5m/bybit_BTCUSDT_5m_20240101T000500Z_20260425T235500Z.csv",
    "date_end": "2026-01-01T00:00:00Z",
    "date_start": "2025-01-01T00:00:00Z",
    "exit_mode": "fixed",
    "fee_mode": "taker",
    "funding_mode": "none",
    "initial_balance": 1000.0,
    "interval_minutes": 5,
    "look_ahead": 36,
    "maker_fee_pct": 0.0002,
    "model_path": "monster_v4_2.json",
    "order_qty": 0.001,
    "same_candle_policy": "conservative",
    "sl_pct": 0.006,
    "slippage_bps": 0.0,
    "source": "bybit",
    "spread_bps": 0.0,
    "symbol": "BTCUSDT",
    "taker_fee_pct": 0.0,
    "tp_pct": 0.012,
    "trailing": null
  },
  "data_quality": {
    "duplicate_timestamps_count": 0,
    "expected_5m_rows": 105120,
    "gaps_first_5": [],
    "missing_candles_count": 0,
    "row_count": 105120,
    "timestamp_max_utc": "2025-12-31T23:55:00+00:00",
    "timestamp_min_utc": "2025-01-01T00:00:00+00:00"
  },
  "generated_at_utc": "2026-04-26T14:45:28.640037+00:00",
  "outcomes": {
    "skipped_no_atr": 0,
    "sl": 1428,
    "timeout": 1045,
    "tp": 491,
    "trailing": 0,
    "trailing_activated": 0
  },
  "signals": {
    "long_signals_above_threshold": 32480,
    "no_signal_rows": 36619,
    "short_signals_above_threshold": 35734,
    "total_signal_rows": 104833
  },
  "summary": {
    "avg_duration_candles": 20.714912280701753,
    "avg_duration_minutes": 103.57456140350877,
    "avg_loss_net": -0.5148034306203761,
    "avg_trade_net": -0.02057645020242931,
    "avg_win_net": 0.6988575221209614,
    "best_trade_net": 1.4669772000000085,
    "expectancy_net": -0.02057645020242931,
    "fees_paid": 0.0,
    "final_balance": 939.0114015999995,
    "funding_paid": 0.0,
    "long_net_pnl": -45.24447480000025,
    "long_trades": 1965,
    "longest_losing_streak": 16,
    "max_drawdown_pct": 7.493805535462518,
    "max_drawdown_usdt": 75.07800580000185,
    "profit_factor_net": 0.9325727482173675,
    "short_net_pnl": -15.744123600000224,
    "short_trades": 999,
    "sl_count": 1428,
    "spread_slippage_cost_estimate": 0.0,
    "timeout_count": 1045,
    "total_gross_pnl": -60.98859840000047,
    "total_net_pnl": -60.98859840000047,
    "tp_count": 491,
    "trades_total": 2964,
    "trailing_count": 0,
    "turnover_notional": 291477.5814,
    "win_rate_net": 40.721997300944665,
    "worst_trade_net": -0.7476594000000041
  }
}