{
  "breakdowns": {
    "by_month": {
      "2025-01": {
        "net_pnl": 2.303369799999987,
        "trades": 62,
        "win_rate": 61.29032258064516,
        "wins": 38
      },
      "2025-02": {
        "net_pnl": -2.837783800000005,
        "trades": 90,
        "win_rate": 56.666666666666664,
        "wins": 51
      },
      "2025-03": {
        "net_pnl": -5.303527449999984,
        "trades": 117,
        "win_rate": 55.55555555555556,
        "wins": 65
      },
      "2025-04": {
        "net_pnl": -6.3309863999999365,
        "trades": 84,
        "win_rate": 53.57142857142857,
        "wins": 45
      },
      "2025-05": {
        "net_pnl": -2.543175149999966,
        "trades": 31,
        "win_rate": 51.61290322580645,
        "wins": 16
      },
      "2025-06": {
        "net_pnl": -0.4604544999999491,
        "trades": 24,
        "win_rate": 58.333333333333336,
        "wins": 14
      },
      "2025-07": {
        "net_pnl": 0.45557285000004055,
        "trades": 34,
        "win_rate": 58.82352941176471,
        "wins": 20
      },
      "2025-08": {
        "net_pnl": -3.3383286499999807,
        "trades": 30,
        "win_rate": 46.666666666666664,
        "wins": 14
      },
      "2025-09": {
        "net_pnl": -0.9557836499999977,
        "trades": 9,
        "win_rate": 44.44444444444444,
        "wins": 4
      },
      "2025-10": {
        "net_pnl": 3.519146650000026,
        "trades": 78,
        "win_rate": 65.38461538461539,
        "wins": 51
      },
      "2025-11": {
        "net_pnl": 0.6520423499999605,
        "trades": 86,
        "win_rate": 60.46511627906976,
        "wins": 52
      },
      "2025-12": {
        "net_pnl": -0.7739280500000753,
        "trades": 51,
        "win_rate": 60.78431372549019,
        "wins": 31
      }
    },
    "by_outcome": {
      "sl": {
        "net_pnl": -152.7231503999999,
        "trades": 270
      },
      "timeout": {
        "net_pnl": -0.5356000000000058,
        "trades": 47
      },
      "tp": {
        "net_pnl": 40.6399956,
        "trades": 37
      },
      "trailing": {
        "net_pnl": 97.00491880000003,
        "trades": 342
      }
    },
    "by_side": {
      "long": {
        "net_pnl": -5.581413249999866,
        "trades": 470,
        "win_rate": 57.87234042553191
      },
      "short": {
        "net_pnl": -10.032422750000013,
        "trades": 226,
        "win_rate": 57.07964601769911
      }
    },
    "by_year": {
      "2025": {
        "net_pnl": -15.613835999999871,
        "trades": 696,
        "win_rate": 57.61494252873563,
        "wins": 401
      }
    }
  },
  "config": {
    "confidence": 0.6,
    "custom_fee_pct": 0.00055,
    "data_path": "data/normalized/bybit/BTCUSDT/5m/bybit_BTCUSDT_5m_20240101T000500Z_20260425T235500Z.csv",
    "date_end": "2026-01-01T00:00:00Z",
    "date_start": "2025-01-01T00:00:00Z",
    "exit_mode": "atr_trailing",
    "fee_mode": "taker",
    "funding_mode": "none",
    "initial_balance": 1000.0,
    "interval_minutes": 5,
    "look_ahead": 36,
    "maker_fee_pct": 0.0002,
    "model_path": "monster_v4_2.json",
    "order_qty": 0.001,
    "same_candle_policy": "conservative",
    "sl_pct": 0.006,
    "slippage_bps": 0.0,
    "source": "bybit",
    "spread_bps": 0.0,
    "symbol": "BTCUSDT",
    "taker_fee_pct": 0.0,
    "tp_pct": 0.012,
    "trailing": {
      "activation_pct": 0.004,
      "atr_mult": 1.4,
      "atr_period": 14,
      "keep_fixed_tp": true,
      "min_lock_pct": 0.0015
    }
  },
  "data_quality": {
    "duplicate_timestamps_count": 0,
    "expected_5m_rows": 105120,
    "gaps_first_5": [],
    "missing_candles_count": 0,
    "row_count": 105120,
    "timestamp_max_utc": "2025-12-31T23:55:00+00:00",
    "timestamp_min_utc": "2025-01-01T00:00:00+00:00"
  },
  "generated_at_utc": "2026-04-26T14:47:49.585779+00:00",
  "outcomes": {
    "skipped_no_atr": 0,
    "sl": 270,
    "timeout": 47,
    "tp": 37,
    "trailing": 342,
    "trailing_activated": 376
  },
  "signals": {
    "long_signals_above_threshold": 1857,
    "no_signal_rows": 101730,
    "short_signals_above_threshold": 1246,
    "total_signal_rows": 104833
  },
  "summary": {
    "avg_duration_candles": 10.089080459770114,
    "avg_duration_minutes": 50.445402298850574,
    "avg_loss_net": -0.5328530522033895,
    "avg_trade_net": -0.022433672413792925,
    "avg_win_net": 0.35306188129675814,
    "best_trade_net": 1.5026200000000098,
    "expectancy_net": -0.022433672413792925,
    "fees_paid": 0.0,
    "final_balance": 984.3861640000001,
    "funding_paid": 0.0,
    "long_net_pnl": -5.581413249999866,
    "long_trades": 470,
    "longest_losing_streak": 6,
    "max_drawdown_pct": 2.496356568965879,
    "max_drawdown_usdt": 25.087882049999507,
    "profit_factor_net": 0.9006700676513802,
    "short_net_pnl": -10.032422750000013,
    "short_trades": 226,
    "sl_count": 270,
    "spread_slippage_cost_estimate": 0.0,
    "timeout_count": 47,
    "total_gross_pnl": -15.613835999999877,
    "total_net_pnl": -15.613835999999877,
    "tp_count": 37,
    "trades_total": 696,
    "trailing_count": 342,
    "turnover_notional": 66390.6636,
    "win_rate_net": 57.61494252873563,
    "worst_trade_net": -0.740331600000005
  }
}