{
  "breakdowns": {
    "by_month": {
      "2024-01": {
        "net_pnl": 19.192594699999916,
        "trades": 233,
        "win_rate": 71.24463519313305,
        "wins": 166
      },
      "2024-02": {
        "net_pnl": 8.011939000000105,
        "trades": 203,
        "win_rate": 64.03940886699507,
        "wins": 130
      },
      "2024-03": {
        "net_pnl": 2.749379500000014,
        "trades": 400,
        "win_rate": 61.25000000000001,
        "wins": 245
      },
      "2024-04": {
        "net_pnl": 6.213419299999987,
        "trades": 246,
        "win_rate": 60.97560975609756,
        "wins": 150
      },
      "2024-05": {
        "net_pnl": 2.273968500000017,
        "trades": 176,
        "win_rate": 63.06818181818182,
        "wins": 111
      },
      "2024-06": {
        "net_pnl": 2.248907650000059,
        "trades": 116,
        "win_rate": 62.06896551724138,
        "wins": 72
      },
      "2024-07": {
        "net_pnl": -5.309090649999982,
        "trades": 183,
        "win_rate": 58.46994535519126,
        "wins": 107
      },
      "2024-08": {
        "net_pnl": 7.094970649999936,
        "trades": 323,
        "win_rate": 58.82352941176471,
        "wins": 190
      },
      "2024-09": {
        "net_pnl": 3.1161460499999216,
        "trades": 192,
        "win_rate": 62.5,
        "wins": 120
      },
      "2024-10": {
        "net_pnl": -7.357104299999945,
        "trades": 135,
        "win_rate": 52.59259259259259,
        "wins": 71
      },
      "2024-11": {
        "net_pnl": -2.384949900000007,
        "trades": 242,
        "win_rate": 59.50413223140496,
        "wins": 144
      },
      "2024-12": {
        "net_pnl": 4.998756199999989,
        "trades": 209,
        "win_rate": 58.85167464114832,
        "wins": 123
      }
    },
    "by_outcome": {
      "sl": {
        "net_pnl": -375.72114059999996,
        "trades": 950
      },
      "timeout": {
        "net_pnl": -8.26990000000003,
        "trades": 116
      },
      "tp": {
        "net_pnl": 112.25193599999997,
        "trades": 148
      },
      "trailing": {
        "net_pnl": 312.58804130000004,
        "trades": 1444
      }
    },
    "by_side": {
      "long": {
        "net_pnl": 33.439435950000004,
        "trades": 1608,
        "win_rate": 62.126865671641795
      },
      "short": {
        "net_pnl": 7.409500749999991,
        "trades": 1050,
        "win_rate": 60.0
      }
    },
    "by_year": {
      "2024": {
        "net_pnl": 40.8489366999999,
        "trades": 2658,
        "win_rate": 61.28668171557562,
        "wins": 1629
      }
    }
  },
  "config": {
    "confidence": 0.51,
    "custom_fee_pct": 0.00055,
    "data_path": "data/normalized/bybit/BTCUSDT/5m/bybit_BTCUSDT_5m_20240101T000500Z_20260425T235500Z.csv",
    "date_end": "2025-01-01T00:00:00Z",
    "date_start": "2024-01-01T00:00:00Z",
    "exit_mode": "atr_trailing",
    "fee_mode": "taker",
    "funding_mode": "none",
    "initial_balance": 1000.0,
    "interval_minutes": 5,
    "look_ahead": 36,
    "maker_fee_pct": 0.0002,
    "model_path": "monster_v4_2.json",
    "order_qty": 0.001,
    "same_candle_policy": "conservative",
    "sl_pct": 0.006,
    "slippage_bps": 0.0,
    "source": "bybit",
    "spread_bps": 0.0,
    "symbol": "BTCUSDT",
    "taker_fee_pct": 0.0,
    "tp_pct": 0.012,
    "trailing": {
      "activation_pct": 0.004,
      "atr_mult": 1.4,
      "atr_period": 14,
      "keep_fixed_tp": true,
      "min_lock_pct": 0.0015
    }
  },
  "data_quality": {
    "duplicate_timestamps_count": 0,
    "expected_5m_rows": 105407,
    "gaps_first_5": [],
    "missing_candles_count": 0,
    "row_count": 105407,
    "timestamp_max_utc": "2024-12-31T23:55:00+00:00",
    "timestamp_min_utc": "2024-01-01T00:05:00+00:00"
  },
  "generated_at_utc": "2026-04-26T14:47:27.440587+00:00",
  "outcomes": {
    "skipped_no_atr": 0,
    "sl": 950,
    "timeout": 116,
    "tp": 148,
    "trailing": 1444,
    "trailing_activated": 1536
  },
  "signals": {
    "long_signals_above_threshold": 7425,
    "no_signal_rows": 91231,
    "short_signals_above_threshold": 6464,
    "total_signal_rows": 105120
  },
  "summary": {
    "avg_duration_candles": 9.531602708803613,
    "avg_duration_minutes": 47.65801354401806,
    "avg_loss_net": -0.37734513177842566,
    "avg_trade_net": 0.015368298231753195,
    "avg_win_net": 0.26343589766728054,
    "best_trade_net": 1.8372400000000053,
    "expectancy_net": 0.015368298231753195,
    "fees_paid": 0.0,
    "final_balance": 1040.8489367,
    "funding_paid": 0.0,
    "long_net_pnl": 33.439435950000004,
    "long_trades": 1608,
    "longest_losing_streak": 8,
    "max_drawdown_pct": 1.4000183004286524,
    "max_drawdown_usdt": 14.661068899998781,
    "profit_factor_net": 1.105202638012272,
    "short_net_pnl": 7.409500749999991,
    "short_trades": 1050,
    "sl_count": 950,
    "spread_slippage_cost_estimate": 0.0,
    "timeout_count": 116,
    "total_gross_pnl": 40.848936699999996,
    "total_net_pnl": 40.848936699999996,
    "tp_count": 148,
    "trades_total": 2658,
    "trailing_count": 1444,
    "turnover_notional": 173923.9508,
    "win_rate_net": 61.28668171557562,
    "worst_trade_net": -0.6453840000000055
  }
}