{
  "breakdowns": {
    "by_month": {
      "2025-01": {
        "net_pnl": -9.75670990398429,
        "trades": 55,
        "win_rate": 32.72727272727273,
        "wins": 18
      },
      "2025-02": {
        "net_pnl": -13.30022516207151,
        "trades": 67,
        "win_rate": 29.850746268656714,
        "wins": 20
      },
      "2025-03": {
        "net_pnl": -13.752110972521487,
        "trades": 85,
        "win_rate": 32.94117647058823,
        "wins": 28
      },
      "2025-04": {
        "net_pnl": -16.93797275887835,
        "trades": 66,
        "win_rate": 24.242424242424242,
        "wins": 16
      },
      "2025-05": {
        "net_pnl": -10.752926180766936,
        "trades": 27,
        "win_rate": 25.925925925925924,
        "wins": 7
      },
      "2025-06": {
        "net_pnl": -6.057287117749798,
        "trades": 22,
        "win_rate": 27.27272727272727,
        "wins": 6
      },
      "2025-07": {
        "net_pnl": -3.9198176369930096,
        "trades": 31,
        "win_rate": 45.16129032258064,
        "wins": 14
      },
      "2025-08": {
        "net_pnl": -8.053316460374532,
        "trades": 24,
        "win_rate": 25.0,
        "wins": 6
      },
      "2025-09": {
        "net_pnl": -3.6472991310086504,
        "trades": 10,
        "win_rate": 20.0,
        "wins": 2
      },
      "2025-10": {
        "net_pnl": -7.914593017626423,
        "trades": 54,
        "win_rate": 40.74074074074074,
        "wins": 22
      },
      "2025-11": {
        "net_pnl": -8.773956519268221,
        "trades": 66,
        "win_rate": 34.84848484848485,
        "wins": 23
      },
      "2025-12": {
        "net_pnl": -7.797177507355252,
        "trades": 44,
        "win_rate": 31.818181818181817,
        "wins": 14
      }
    },
    "by_outcome": {
      "sl": {
        "net_pnl": -216.4550365019697,
        "trades": 311
      },
      "timeout": {
        "net_pnl": 4.332134506763379,
        "trades": 136
      },
      "tp": {
        "net_pnl": 101.45950962660785,
        "trades": 104
      },
      "trailing": {
        "net_pnl": 0.0,
        "trades": 0
      }
    },
    "by_side": {
      "long": {
        "net_pnl": -72.61045085792172,
        "trades": 373,
        "win_rate": 32.975871313672926
      },
      "short": {
        "net_pnl": -38.052941510676746,
        "trades": 178,
        "win_rate": 29.775280898876407
      }
    },
    "by_year": {
      "2025": {
        "net_pnl": -110.66339236859855,
        "trades": 551,
        "win_rate": 31.941923774954628,
        "wins": 176
      }
    }
  },
  "config": {
    "confidence": 0.6,
    "custom_fee_pct": 0.00055,
    "data_path": "data/normalized/bybit/BTCUSDT/5m/bybit_BTCUSDT_5m_20240101T000500Z_20260425T235500Z.csv",
    "date_end": "2026-01-01T00:00:00Z",
    "date_start": "2025-01-01T00:00:00Z",
    "exit_mode": "fixed",
    "fee_mode": "taker",
    "funding_mode": "none",
    "initial_balance": 1000.0,
    "interval_minutes": 5,
    "look_ahead": 36,
    "maker_fee_pct": 0.0002,
    "model_path": "monster_v4_2.json",
    "order_qty": 0.001,
    "same_candle_policy": "conservative",
    "sl_pct": 0.006,
    "slippage_bps": 2.0,
    "source": "bybit",
    "spread_bps": 2.0,
    "symbol": "BTCUSDT",
    "taker_fee_pct": 0.00055,
    "tp_pct": 0.012,
    "trailing": null
  },
  "data_quality": {
    "duplicate_timestamps_count": 0,
    "expected_5m_rows": 105120,
    "gaps_first_5": [],
    "missing_candles_count": 0,
    "row_count": 105120,
    "timestamp_max_utc": "2025-12-31T23:55:00+00:00",
    "timestamp_min_utc": "2025-01-01T00:00:00+00:00"
  },
  "generated_at_utc": "2026-04-26T14:46:24.937682+00:00",
  "outcomes": {
    "skipped_no_atr": 0,
    "sl": 311,
    "timeout": 136,
    "tp": 104,
    "trailing": 0,
    "trailing_activated": 0
  },
  "signals": {
    "long_signals_above_threshold": 1857,
    "no_signal_rows": 101730,
    "short_signals_above_threshold": 1246,
    "total_signal_rows": 104833
  },
  "summary": {
    "avg_duration_candles": 16.611615245009073,
    "avg_duration_minutes": 83.05807622504537,
    "avg_loss_net": -0.6172478674681433,
    "avg_trade_net": -0.20084100248384476,
    "avg_win_net": 0.6863895337042915,
    "best_trade_net": 1.2572760104065053,
    "expectancy_net": -0.20084100248384476,
    "fees_paid": 58.145007473884974,
    "final_balance": 889.3366076314015,
    "funding_paid": 0.0,
    "long_net_pnl": -72.61045085792172,
    "long_trades": 373,
    "longest_losing_streak": 17,
    "max_drawdown_pct": 11.066339236859834,
    "max_drawdown_usdt": 110.66339236859835,
    "profit_factor_net": 0.5219061981371262,
    "short_net_pnl": -38.052941510676746,
    "short_trades": 178,
    "sl_count": 311,
    "spread_slippage_cost_estimate": 31.71545674985209,
    "timeout_count": 136,
    "total_gross_pnl": -52.51838489471349,
    "total_net_pnl": -110.66339236859847,
    "tp_count": 104,
    "trades_total": 551,
    "trailing_count": 0,
    "turnover_notional": 52866.82610421,
    "win_rate_net": 31.941923774954628,
    "worst_trade_net": -0.9077305750388929
  }
}