{
  "breakdowns": {
    "by_month": {
      "2024-01": {
        "net_pnl": 14.192739800000004,
        "trades": 536,
        "win_rate": 63.99253731343284,
        "wins": 343
      },
      "2024-02": {
        "net_pnl": 9.246881300000021,
        "trades": 395,
        "win_rate": 63.54430379746835,
        "wins": 251
      },
      "2024-03": {
        "net_pnl": -13.717798800000018,
        "trades": 762,
        "win_rate": 59.055118110236215,
        "wins": 450
      },
      "2024-04": {
        "net_pnl": -0.9677250500001378,
        "trades": 629,
        "win_rate": 59.93640699523053,
        "wins": 377
      },
      "2024-05": {
        "net_pnl": 0.20112405000003505,
        "trades": 441,
        "win_rate": 58.730158730158735,
        "wins": 259
      },
      "2024-06": {
        "net_pnl": -2.755289649999925,
        "trades": 286,
        "win_rate": 57.692307692307686,
        "wins": 165
      },
      "2024-07": {
        "net_pnl": -13.765550950000097,
        "trades": 518,
        "win_rate": 57.14285714285714,
        "wins": 296
      },
      "2024-08": {
        "net_pnl": 1.7038828499999397,
        "trades": 673,
        "win_rate": 59.88112927191679,
        "wins": 403
      },
      "2024-09": {
        "net_pnl": 3.080572449999896,
        "trades": 414,
        "win_rate": 60.38647342995169,
        "wins": 250
      },
      "2024-10": {
        "net_pnl": -13.588450650000047,
        "trades": 360,
        "win_rate": 55.27777777777778,
        "wins": 199
      },
      "2024-11": {
        "net_pnl": -14.351862599999835,
        "trades": 578,
        "win_rate": 57.785467128027676,
        "wins": 334
      },
      "2024-12": {
        "net_pnl": -19.930816999999998,
        "trades": 546,
        "win_rate": 55.494505494505496,
        "wins": 303
      }
    },
    "by_outcome": {
      "sl": {
        "net_pnl": -908.8982910000002,
        "trades": 2263
      },
      "timeout": {
        "net_pnl": -16.108700000000105,
        "trades": 397
      },
      "tp": {
        "net_pnl": 0.0,
        "trades": 0
      },
      "trailing": {
        "net_pnl": 874.3546967500001,
        "trades": 3478
      }
    },
    "by_side": {
      "long": {
        "net_pnl": -46.34736715000024,
        "trades": 4303,
        "win_rate": 59.09830350917964
      },
      "short": {
        "net_pnl": -4.304927099999936,
        "trades": 1835,
        "win_rate": 59.237057220708444
      }
    },
    "by_year": {
      "2024": {
        "net_pnl": -50.652294250000224,
        "trades": 6138,
        "win_rate": 59.13978494623656,
        "wins": 3630
      }
    }
  },
  "config": {
    "confidence": 0.3,
    "custom_fee_pct": 0.00055,
    "data_path": "data/normalized/bybit/BTCUSDT/5m/bybit_BTCUSDT_5m_20240101T000500Z_20260425T235500Z.csv",
    "date_end": "2025-01-01T00:00:00Z",
    "date_start": "2024-01-01T00:00:00Z",
    "exit_mode": "atr_trailing",
    "fee_mode": "taker",
    "funding_mode": "none",
    "initial_balance": 1000.0,
    "interval_minutes": 5,
    "look_ahead": 36,
    "maker_fee_pct": 0.0002,
    "model_path": "monster_v4_2.json",
    "order_qty": 0.001,
    "same_candle_policy": "conservative",
    "sl_pct": 0.006,
    "slippage_bps": 0.0,
    "source": "bybit",
    "spread_bps": 0.0,
    "symbol": "BTCUSDT",
    "taker_fee_pct": 0.0,
    "tp_pct": 0.012,
    "trailing": {
      "activation_pct": 0.004,
      "atr_mult": 1.4,
      "atr_period": 14,
      "keep_fixed_tp": false,
      "min_lock_pct": 0.0015
    }
  },
  "data_quality": {
    "duplicate_timestamps_count": 0,
    "expected_5m_rows": 105407,
    "gaps_first_5": [],
    "missing_candles_count": 0,
    "row_count": 105407,
    "timestamp_max_utc": "2024-12-31T23:55:00+00:00",
    "timestamp_min_utc": "2024-01-01T00:05:00+00:00"
  },
  "generated_at_utc": "2026-04-26T14:48:09.244517+00:00",
  "outcomes": {
    "skipped_no_atr": 0,
    "sl": 2263,
    "timeout": 397,
    "tp": 0,
    "trailing": 3478,
    "trailing_activated": 3503
  },
  "signals": {
    "long_signals_above_threshold": 42437,
    "no_signal_rows": 17183,
    "short_signals_above_threshold": 45500,
    "total_signal_rows": 105120
  },
  "summary": {
    "avg_duration_candles": 11.404692082111437,
    "avg_duration_minutes": 57.023460410557185,
    "avg_loss_net": -0.3763096854066986,
    "avg_trade_net": -0.008252247352557866,
    "avg_win_net": 0.24604198257575757,
    "best_trade_net": 6.4978399999999965,
    "expectancy_net": -0.008252247352557866,
    "fees_paid": 0.0,
    "final_balance": 949.3477057499998,
    "funding_paid": 0.0,
    "long_net_pnl": -46.34736715000024,
    "long_trades": 4303,
    "longest_losing_streak": 8,
    "max_drawdown_pct": 7.937302720349247,
    "max_drawdown_usdt": 81.70272529999818,
    "profit_factor_net": 0.946330667648009,
    "short_net_pnl": -4.304927099999936,
    "short_trades": 1835,
    "sl_count": 2263,
    "spread_slippage_cost_estimate": 0.0,
    "timeout_count": 397,
    "total_gross_pnl": -50.652294250000175,
    "total_net_pnl": -50.652294250000175,
    "tp_count": 0,
    "trades_total": 6138,
    "trailing_count": 3478,
    "turnover_notional": 406672.03010000003,
    "win_rate_net": 59.13978494623656,
    "worst_trade_net": -0.6472170000000042
  }
}