{
  "breakdowns": {
    "by_month": {
      "2025-01": {
        "net_pnl": -53.132166376081074,
        "trades": 237,
        "win_rate": 29.535864978902953,
        "wins": 70
      },
      "2025-02": {
        "net_pnl": -50.12800113086445,
        "trades": 218,
        "win_rate": 27.981651376146786,
        "wins": 61
      },
      "2025-03": {
        "net_pnl": -42.71427410633974,
        "trades": 274,
        "win_rate": 32.846715328467155,
        "wins": 90
      },
      "2025-04": {
        "net_pnl": -33.94456864449931,
        "trades": 207,
        "win_rate": 33.81642512077295,
        "wins": 70
      },
      "2025-05": {
        "net_pnl": -27.23447729444391,
        "trades": 127,
        "win_rate": 30.708661417322837,
        "wins": 39
      },
      "2025-06": {
        "net_pnl": -28.25534994539993,
        "trades": 112,
        "win_rate": 31.25,
        "wins": 35
      },
      "2025-07": {
        "net_pnl": -26.193492124365523,
        "trades": 101,
        "win_rate": 33.663366336633665,
        "wins": 34
      },
      "2025-08": {
        "net_pnl": -18.181320837638495,
        "trades": 110,
        "win_rate": 38.18181818181819,
        "wins": 42
      },
      "2025-09": {
        "net_pnl": -15.67546180629887,
        "trades": 67,
        "win_rate": 31.343283582089555,
        "wins": 21
      },
      "2025-10": {
        "net_pnl": -42.652274906880216,
        "trades": 205,
        "win_rate": 32.19512195121951,
        "wins": 66
      },
      "2025-11": {
        "net_pnl": -36.48351879283719,
        "trades": 228,
        "win_rate": 33.771929824561404,
        "wins": 77
      },
      "2025-12": {
        "net_pnl": -29.753816712804447,
        "trades": 199,
        "win_rate": 31.155778894472363,
        "wins": 62
      }
    },
    "by_outcome": {
      "sl": {
        "net_pnl": -802.3025065570703,
        "trades": 1122
      },
      "timeout": {
        "net_pnl": 25.006573241692642,
        "trades": 591
      },
      "tp": {
        "net_pnl": 372.94721063692447,
        "trades": 372
      },
      "trailing": {
        "net_pnl": 0.0,
        "trades": 0
      }
    },
    "by_side": {
      "long": {
        "net_pnl": -240.53815103171507,
        "trades": 1171,
        "win_rate": 32.53629376601195
      },
      "short": {
        "net_pnl": -163.8105716467381,
        "trades": 914,
        "win_rate": 31.291028446389497
      }
    },
    "by_year": {
      "2025": {
        "net_pnl": -404.3487226784532,
        "trades": 2085,
        "win_rate": 31.99040767386091,
        "wins": 667
      }
    }
  },
  "config": {
    "confidence": 0.45,
    "custom_fee_pct": 0.00055,
    "data_path": "data/normalized/bybit/BTCUSDT/5m/bybit_BTCUSDT_5m_20240101T000500Z_20260425T235500Z.csv",
    "date_end": "2026-01-01T00:00:00Z",
    "date_start": "2025-01-01T00:00:00Z",
    "exit_mode": "fixed",
    "fee_mode": "taker",
    "funding_mode": "none",
    "initial_balance": 1000.0,
    "interval_minutes": 5,
    "look_ahead": 36,
    "maker_fee_pct": 0.0002,
    "model_path": "monster_v4_2.json",
    "order_qty": 0.001,
    "same_candle_policy": "conservative",
    "sl_pct": 0.006,
    "slippage_bps": 2.0,
    "source": "bybit",
    "spread_bps": 2.0,
    "symbol": "BTCUSDT",
    "taker_fee_pct": 0.00055,
    "tp_pct": 0.012,
    "trailing": null
  },
  "data_quality": {
    "duplicate_timestamps_count": 0,
    "expected_5m_rows": 105120,
    "gaps_first_5": [],
    "missing_candles_count": 0,
    "row_count": 105120,
    "timestamp_max_utc": "2025-12-31T23:55:00+00:00",
    "timestamp_min_utc": "2025-01-01T00:00:00+00:00"
  },
  "generated_at_utc": "2026-04-26T14:45:51.414099+00:00",
  "outcomes": {
    "skipped_no_atr": 0,
    "sl": 1122,
    "timeout": 591,
    "tp": 372,
    "trailing": 0,
    "trailing_activated": 0
  },
  "signals": {
    "long_signals_above_threshold": 12129,
    "no_signal_rows": 83371,
    "short_signals_above_threshold": 9333,
    "total_signal_rows": 104833
  },
  "summary": {
    "avg_duration_candles": 18.872422062350118,
    "avg_duration_minutes": 94.3621103117506,
    "avg_loss_net": -0.6196191116197173,
    "avg_trade_net": -0.19393224109278331,
    "avg_win_net": 0.7110512407770705,
    "best_trade_net": 1.2980657280293375,
    "expectancy_net": -0.19393224109278331,
    "fees_paid": 224.35397877254906,
    "final_balance": 595.6512773215468,
    "funding_paid": 0.0,
    "long_net_pnl": -240.53815103171507,
    "long_trades": 1171,
    "longest_losing_streak": 15,
    "max_drawdown_pct": 40.490172666671924,
    "max_drawdown_usdt": 405.27798766382887,
    "profit_factor_net": 0.5397910717124822,
    "short_net_pnl": -163.8105716467381,
    "short_trades": 914,
    "sl_count": 1122,
    "spread_slippage_cost_estimate": 122.37489232649929,
    "timeout_count": 591,
    "total_gross_pnl": -179.9947439059041,
    "total_net_pnl": -404.3487226784532,
    "tp_count": 372,
    "trades_total": 2085,
    "trailing_count": 0,
    "turnover_notional": 203982.90185981,
    "win_rate_net": 31.99040767386091,
    "worst_trade_net": -0.9159308386987082
  }
}