{
  "breakdowns": {
    "by_month": {
      "2024-01": {
        "net_pnl": -45.106293205152426,
        "trades": 524,
        "win_rate": 37.595419847328245,
        "wins": 197
      },
      "2024-02": {
        "net_pnl": -41.72050977902394,
        "trades": 397,
        "win_rate": 38.0352644836272,
        "wins": 151
      },
      "2024-03": {
        "net_pnl": -155.51518569770357,
        "trades": 801,
        "win_rate": 25.842696629213485,
        "wins": 207
      },
      "2024-04": {
        "net_pnl": -118.05519747368261,
        "trades": 643,
        "win_rate": 32.19284603421462,
        "wins": 207
      },
      "2024-05": {
        "net_pnl": -73.96676874057911,
        "trades": 443,
        "win_rate": 36.3431151241535,
        "wins": 161
      },
      "2024-06": {
        "net_pnl": -50.58201916969549,
        "trades": 281,
        "win_rate": 35.587188612099645,
        "wins": 100
      },
      "2024-07": {
        "net_pnl": -100.37171273781081,
        "trades": 540,
        "win_rate": 33.33333333333333,
        "wins": 180
      },
      "2024-08": {
        "net_pnl": -93.67906829168774,
        "trades": 684,
        "win_rate": 33.33333333333333,
        "wins": 228
      },
      "2024-09": {
        "net_pnl": -55.6727215881823,
        "trades": 417,
        "win_rate": 39.08872901678657,
        "wins": 163
      },
      "2024-10": {
        "net_pnl": -74.72909804460582,
        "trades": 368,
        "win_rate": 32.880434782608695,
        "wins": 121
      },
      "2024-11": {
        "net_pnl": -150.29177735406287,
        "trades": 608,
        "win_rate": 30.592105263157894,
        "wins": 186
      },
      "2024-12": {
        "net_pnl": -154.6828220079725,
        "trades": 556,
        "win_rate": 30.215827338129497,
        "wins": 168
      }
    },
    "by_outcome": {
      "sl": {
        "net_pnl": -1448.9862177229,
        "trades": 2759
      },
      "timeout": {
        "net_pnl": -69.5269632475749,
        "trades": 401
      },
      "tp": {
        "net_pnl": 115.38992508566022,
        "trades": 179
      },
      "trailing": {
        "net_pnl": 288.7500817946554,
        "trades": 2923
      }
    },
    "by_side": {
      "long": {
        "net_pnl": -790.4136525622337,
        "trades": 4451,
        "win_rate": 31.85800943608178
      },
      "short": {
        "net_pnl": -323.95952152792563,
        "trades": 1811,
        "win_rate": 35.946990612921034
      }
    },
    "by_year": {
      "2024": {
        "net_pnl": -1114.373174090158,
        "trades": 6262,
        "win_rate": 33.040562120728204,
        "wins": 2069
      }
    }
  },
  "config": {
    "confidence": 0.3,
    "custom_fee_pct": 0.00055,
    "data_path": "data/normalized/bybit/BTCUSDT/5m/bybit_BTCUSDT_5m_20240101T000500Z_20260425T235500Z.csv",
    "date_end": "2025-01-01T00:00:00Z",
    "date_start": "2024-01-01T00:00:00Z",
    "exit_mode": "atr_trailing",
    "fee_mode": "taker",
    "funding_mode": "none",
    "initial_balance": 1000.0,
    "interval_minutes": 5,
    "look_ahead": 36,
    "maker_fee_pct": 0.0002,
    "model_path": "monster_v4_2.json",
    "order_qty": 0.001,
    "same_candle_policy": "conservative",
    "sl_pct": 0.006,
    "slippage_bps": 5.0,
    "source": "bybit",
    "spread_bps": 5.0,
    "symbol": "BTCUSDT",
    "taker_fee_pct": 0.00055,
    "tp_pct": 0.012,
    "trailing": {
      "activation_pct": 0.004,
      "atr_mult": 1.4,
      "atr_period": 14,
      "keep_fixed_tp": true,
      "min_lock_pct": 0.0015
    }
  },
  "data_quality": {
    "duplicate_timestamps_count": 0,
    "expected_5m_rows": 105407,
    "gaps_first_5": [],
    "missing_candles_count": 0,
    "row_count": 105407,
    "timestamp_max_utc": "2024-12-31T23:55:00+00:00",
    "timestamp_min_utc": "2024-01-01T00:05:00+00:00"
  },
  "generated_at_utc": "2026-04-26T14:46:55.964692+00:00",
  "outcomes": {
    "skipped_no_atr": 0,
    "sl": 2759,
    "timeout": 401,
    "tp": 179,
    "trailing": 2923,
    "trailing_activated": 3061
  },
  "signals": {
    "long_signals_above_threshold": 42437,
    "no_signal_rows": 17183,
    "short_signals_above_threshold": 45500,
    "total_signal_rows": 105120
  },
  "summary": {
    "avg_duration_candles": 11.17358671351006,
    "avg_duration_minutes": 55.8679335675503,
    "avg_loss_net": -0.3689214429370891,
    "avg_trade_net": -0.17795802843982106,
    "avg_win_net": 0.20904516005077597,
    "best_trade_net": 1.6715044694662646,
    "expectancy_net": -0.17795802843982106,
    "fees_paid": 457.10626402592754,
    "final_balance": -114.37317409015941,
    "funding_paid": 0.0,
    "long_net_pnl": -790.4136525622337,
    "long_trades": 4451,
    "longest_losing_streak": 31,
    "max_drawdown_pct": 111.42740555383585,
    "max_drawdown_usdt": 1115.2405499029055,
    "profit_factor_net": 0.2796030127096879,
    "short_net_pnl": -323.95952152792563,
    "short_trades": 1811,
    "sl_count": 2759,
    "spread_slippage_cost_estimate": 623.3267045803312,
    "timeout_count": 401,
    "total_gross_pnl": -657.2669100642318,
    "total_net_pnl": -1114.3731740901594,
    "tp_count": 179,
    "trades_total": 6262,
    "trailing_count": 2923,
    "turnover_notional": 415688.91671755,
    "win_rate_net": 33.040562120728204,
    "worst_trade_net": -0.8465243811810413
  }
}