{
  "breakdowns": {
    "by_month": {
      "2025-01": {
        "net_pnl": -79.67773342226903,
        "trades": 249,
        "win_rate": 24.899598393574294,
        "wins": 62
      },
      "2025-02": {
        "net_pnl": -65.9637262541679,
        "trades": 228,
        "win_rate": 27.192982456140353,
        "wins": 62
      },
      "2025-03": {
        "net_pnl": -58.64926747755593,
        "trades": 277,
        "win_rate": 30.324909747292416,
        "wins": 84
      },
      "2025-04": {
        "net_pnl": -46.22654692635056,
        "trades": 208,
        "win_rate": 32.21153846153847,
        "wins": 67
      },
      "2025-05": {
        "net_pnl": -39.1220499932006,
        "trades": 130,
        "win_rate": 29.230769230769234,
        "wins": 38
      },
      "2025-06": {
        "net_pnl": -36.083405199752804,
        "trades": 114,
        "win_rate": 26.31578947368421,
        "wins": 30
      },
      "2025-07": {
        "net_pnl": -36.42741785213888,
        "trades": 102,
        "win_rate": 26.47058823529412,
        "wins": 27
      },
      "2025-08": {
        "net_pnl": -30.254051809679584,
        "trades": 113,
        "win_rate": 30.973451327433626,
        "wins": 35
      },
      "2025-09": {
        "net_pnl": -22.718118388288417,
        "trades": 68,
        "win_rate": 23.52941176470588,
        "wins": 16
      },
      "2025-10": {
        "net_pnl": -60.40307970477282,
        "trades": 204,
        "win_rate": 28.921568627450984,
        "wins": 59
      },
      "2025-11": {
        "net_pnl": -58.61617414186444,
        "trades": 234,
        "win_rate": 29.059829059829063,
        "wins": 68
      },
      "2025-12": {
        "net_pnl": -41.29507737402871,
        "trades": 203,
        "win_rate": 30.049261083743843,
        "wins": 61
      }
    },
    "by_outcome": {
      "sl": {
        "net_pnl": -911.5943747481555,
        "trades": 1201
      },
      "timeout": {
        "net_pnl": -10.517587834895506,
        "trades": 567
      },
      "tp": {
        "net_pnl": 346.67531403898136,
        "trades": 362
      },
      "trailing": {
        "net_pnl": 0.0,
        "trades": 0
      }
    },
    "by_side": {
      "long": {
        "net_pnl": -342.0527437989811,
        "trades": 1204,
        "win_rate": 28.488372093023255
      },
      "short": {
        "net_pnl": -233.3839047450885,
        "trades": 926,
        "win_rate": 28.725701943844495
      }
    },
    "by_year": {
      "2025": {
        "net_pnl": -575.43664854407,
        "trades": 2130,
        "win_rate": 28.591549295774648,
        "wins": 609
      }
    }
  },
  "config": {
    "confidence": 0.45,
    "custom_fee_pct": 0.00055,
    "data_path": "data/normalized/bybit/BTCUSDT/5m/bybit_BTCUSDT_5m_20240101T000500Z_20260425T235500Z.csv",
    "date_end": "2026-01-01T00:00:00Z",
    "date_start": "2025-01-01T00:00:00Z",
    "exit_mode": "fixed",
    "fee_mode": "taker",
    "funding_mode": "none",
    "initial_balance": 1000.0,
    "interval_minutes": 5,
    "look_ahead": 36,
    "maker_fee_pct": 0.0002,
    "model_path": "monster_v4_2.json",
    "order_qty": 0.001,
    "same_candle_policy": "conservative",
    "sl_pct": 0.006,
    "slippage_bps": 5.0,
    "source": "bybit",
    "spread_bps": 5.0,
    "symbol": "BTCUSDT",
    "taker_fee_pct": 0.00055,
    "tp_pct": 0.012,
    "trailing": null
  },
  "data_quality": {
    "duplicate_timestamps_count": 0,
    "expected_5m_rows": 105120,
    "gaps_first_5": [],
    "missing_candles_count": 0,
    "row_count": 105120,
    "timestamp_max_utc": "2025-12-31T23:55:00+00:00",
    "timestamp_min_utc": "2025-01-01T00:00:00+00:00"
  },
  "generated_at_utc": "2026-04-26T14:45:57.097074+00:00",
  "outcomes": {
    "skipped_no_atr": 0,
    "sl": 1201,
    "timeout": 567,
    "tp": 362,
    "trailing": 0,
    "trailing_activated": 0
  },
  "signals": {
    "long_signals_above_threshold": 12129,
    "no_signal_rows": 83371,
    "short_signals_above_threshold": 9333,
    "total_signal_rows": 104833
  },
  "summary": {
    "avg_duration_candles": 18.321596244131456,
    "avg_duration_minutes": 91.60798122065728,
    "avg_loss_net": -0.6587221350818467,
    "avg_trade_net": -0.2701580509596571,
    "avg_win_net": 0.7002951049514271,
    "best_trade_net": 1.2430822240851125,
    "expectancy_net": -0.2701580509596571,
    "fees_paid": 229.17639038667798,
    "final_balance": 424.5633514559304,
    "funding_paid": 0.0,
    "long_net_pnl": -342.0527437989811,
    "long_trades": 1204,
    "longest_losing_streak": 15,
    "max_drawdown_pct": 57.559253765478815,
    "max_drawdown_usdt": 575.8039585575596,
    "profit_factor_net": 0.42566399029574015,
    "short_net_pnl": -233.3839047450885,
    "short_trades": 926,
    "sl_count": 1201,
    "spread_slippage_cost_estimate": 312.51324063548833,
    "timeout_count": 567,
    "total_gross_pnl": -346.2602581573916,
    "total_net_pnl": -575.4366485440696,
    "tp_count": 362,
    "trades_total": 2130,
    "trailing_count": 0,
    "turnover_notional": 208381.82230615002,
    "win_rate_net": 28.591549295774648,
    "worst_trade_net": -0.9708994836088072
  }
}