{
  "breakdowns": {
    "by_month": {
      "2024-01": {
        "net_pnl": 12.031544713570604,
        "trades": 243,
        "win_rate": 49.794238683127574,
        "wins": 121
      },
      "2024-02": {
        "net_pnl": -6.835216180763712,
        "trades": 181,
        "win_rate": 37.01657458563536,
        "wins": 67
      },
      "2024-03": {
        "net_pnl": -45.171589705483576,
        "trades": 398,
        "win_rate": 32.41206030150754,
        "wins": 129
      },
      "2024-04": {
        "net_pnl": -8.872554854974899,
        "trades": 248,
        "win_rate": 41.53225806451613,
        "wins": 103
      },
      "2024-05": {
        "net_pnl": -16.252756754685727,
        "trades": 199,
        "win_rate": 35.678391959798994,
        "wins": 71
      },
      "2024-06": {
        "net_pnl": -14.302154310536965,
        "trades": 143,
        "win_rate": 35.66433566433567,
        "wins": 51
      },
      "2024-07": {
        "net_pnl": -31.38055082351647,
        "trades": 224,
        "win_rate": 30.80357142857143,
        "wins": 69
      },
      "2024-08": {
        "net_pnl": -12.504271481647214,
        "trades": 326,
        "win_rate": 40.79754601226993,
        "wins": 133
      },
      "2024-09": {
        "net_pnl": -5.258735879420009,
        "trades": 189,
        "win_rate": 42.32804232804233,
        "wins": 80
      },
      "2024-10": {
        "net_pnl": -23.986372063002783,
        "trades": 168,
        "win_rate": 32.73809523809524,
        "wins": 55
      },
      "2024-11": {
        "net_pnl": -39.98879188063159,
        "trades": 264,
        "win_rate": 32.57575757575758,
        "wins": 86
      },
      "2024-12": {
        "net_pnl": -48.23493698233414,
        "trades": 262,
        "win_rate": 32.06106870229007,
        "wins": 84
      }
    },
    "by_outcome": {
      "sl": {
        "net_pnl": -750.3497263874264,
        "trades": 1509
      },
      "timeout": {
        "net_pnl": 34.526823935706666,
        "trades": 645
      },
      "tp": {
        "net_pnl": 475.0665162482933,
        "trades": 691
      },
      "trailing": {
        "net_pnl": 0.0,
        "trades": 0
      }
    },
    "by_side": {
      "long": {
        "net_pnl": -138.48758078808686,
        "trades": 1642,
        "win_rate": 36.90621193666261
      },
      "short": {
        "net_pnl": -102.26880541533957,
        "trades": 1203,
        "win_rate": 36.824605153782215
      }
    },
    "by_year": {
      "2024": {
        "net_pnl": -240.75638620342636,
        "trades": 2845,
        "win_rate": 36.87170474516696,
        "wins": 1049
      }
    }
  },
  "config": {
    "confidence": 0.45,
    "custom_fee_pct": 0.00055,
    "data_path": "data/normalized/bybit/BTCUSDT/5m/bybit_BTCUSDT_5m_20240101T000500Z_20260425T235500Z.csv",
    "date_end": "2025-01-01T00:00:00Z",
    "date_start": "2024-01-01T00:00:00Z",
    "exit_mode": "fixed",
    "fee_mode": "taker",
    "funding_mode": "none",
    "initial_balance": 1000.0,
    "interval_minutes": 5,
    "look_ahead": 36,
    "maker_fee_pct": 0.0002,
    "model_path": "monster_v4_2.json",
    "order_qty": 0.001,
    "same_candle_policy": "conservative",
    "sl_pct": 0.006,
    "slippage_bps": 2.0,
    "source": "bybit",
    "spread_bps": 2.0,
    "symbol": "BTCUSDT",
    "taker_fee_pct": 0.00055,
    "tp_pct": 0.012,
    "trailing": null
  },
  "data_quality": {
    "duplicate_timestamps_count": 0,
    "expected_5m_rows": 105407,
    "gaps_first_5": [],
    "missing_candles_count": 0,
    "row_count": 105407,
    "timestamp_max_utc": "2024-12-31T23:55:00+00:00",
    "timestamp_min_utc": "2024-01-01T00:05:00+00:00"
  },
  "generated_at_utc": "2026-04-26T14:45:50.186757+00:00",
  "outcomes": {
    "skipped_no_atr": 0,
    "sl": 1509,
    "timeout": 645,
    "tp": 691,
    "trailing": 0,
    "trailing_activated": 0
  },
  "signals": {
    "long_signals_above_threshold": 15963,
    "no_signal_rows": 76954,
    "short_signals_above_threshold": 12203,
    "total_signal_rows": 105120
  },
  "summary": {
    "avg_duration_candles": 16.83550087873462,
    "avg_duration_minutes": 84.1775043936731,
    "avg_loss_net": -0.4442814981400784,
    "avg_trade_net": -0.08462438882369996,
    "avg_win_net": 0.5311469823223588,
    "best_trade_net": 1.124987327706305,
    "expectancy_net": -0.08462438882369996,
    "fees_paid": 207.3100870265242,
    "final_balance": 759.2436137965735,
    "funding_paid": 0.0,
    "long_net_pnl": -138.48758078808686,
    "long_trades": 1642,
    "longest_losing_streak": 16,
    "max_drawdown_pct": 25.480053096674332,
    "max_drawdown_usdt": 259.6025412893083,
    "profit_factor_net": 0.6982736383558094,
    "short_net_pnl": -102.26880541533957,
    "short_trades": 1203,
    "sl_count": 1509,
    "spread_slippage_cost_estimate": 113.07823645405729,
    "timeout_count": 645,
    "total_gross_pnl": -33.4462991769022,
    "total_net_pnl": -240.75638620342642,
    "tp_count": 691,
    "trades_total": 2845,
    "trailing_count": 0,
    "turnover_notional": 188466.428483,
    "win_rate_net": 36.87170474516696,
    "worst_trade_net": -0.7963817621231474
  }
}