{
  "breakdowns": {
    "by_month": {
      "2024-01": {
        "net_pnl": 17.96101819999995,
        "trades": 228,
        "win_rate": 70.6140350877193,
        "wins": 161
      },
      "2024-02": {
        "net_pnl": 9.41270665000008,
        "trades": 199,
        "win_rate": 63.81909547738693,
        "wins": 127
      },
      "2024-03": {
        "net_pnl": -2.2115896499999943,
        "trades": 385,
        "win_rate": 61.55844155844156,
        "wins": 237
      },
      "2024-04": {
        "net_pnl": 1.5521542500000023,
        "trades": 240,
        "win_rate": 60.416666666666664,
        "wins": 145
      },
      "2024-05": {
        "net_pnl": 2.7407331500000214,
        "trades": 173,
        "win_rate": 63.005780346820806,
        "wins": 109
      },
      "2024-06": {
        "net_pnl": 1.5094218500000414,
        "trades": 114,
        "win_rate": 61.40350877192983,
        "wins": 70
      },
      "2024-07": {
        "net_pnl": -5.429421349999997,
        "trades": 180,
        "win_rate": 58.88888888888889,
        "wins": 106
      },
      "2024-08": {
        "net_pnl": 3.4634953999999354,
        "trades": 302,
        "win_rate": 57.615894039735096,
        "wins": 174
      },
      "2024-09": {
        "net_pnl": 3.5028273499998974,
        "trades": 189,
        "win_rate": 62.96296296296296,
        "wins": 119
      },
      "2024-10": {
        "net_pnl": -7.357104299999945,
        "trades": 135,
        "win_rate": 52.59259259259259,
        "wins": 71
      },
      "2024-11": {
        "net_pnl": -3.992493350000003,
        "trades": 236,
        "win_rate": 59.32203389830508,
        "wins": 140
      },
      "2024-12": {
        "net_pnl": 0.39699760000001755,
        "trades": 204,
        "win_rate": 57.84313725490197,
        "wins": 118
      }
    },
    "by_outcome": {
      "sl": {
        "net_pnl": -367.754934,
        "trades": 929
      },
      "timeout": {
        "net_pnl": -8.26990000000003,
        "trades": 116
      },
      "tp": {
        "net_pnl": 0.0,
        "trades": 0
      },
      "trailing": {
        "net_pnl": 397.5735798,
        "trades": 1540
      }
    },
    "by_side": {
      "long": {
        "net_pnl": 21.02701625000003,
        "trades": 1549,
        "win_rate": 61.8463524854745
      },
      "short": {
        "net_pnl": 0.5217295499999592,
        "trades": 1036,
        "win_rate": 59.74903474903475
      }
    },
    "by_year": {
      "2024": {
        "net_pnl": 21.548745800000052,
        "trades": 2585,
        "win_rate": 61.00580270793037,
        "wins": 1577
      }
    }
  },
  "config": {
    "confidence": 0.51,
    "custom_fee_pct": 0.00055,
    "data_path": "data/normalized/bybit/BTCUSDT/5m/bybit_BTCUSDT_5m_20240101T000500Z_20260425T235500Z.csv",
    "date_end": "2025-01-01T00:00:00Z",
    "date_start": "2024-01-01T00:00:00Z",
    "exit_mode": "atr_trailing",
    "fee_mode": "taker",
    "funding_mode": "none",
    "initial_balance": 1000.0,
    "interval_minutes": 5,
    "look_ahead": 36,
    "maker_fee_pct": 0.0002,
    "model_path": "monster_v4_2.json",
    "order_qty": 0.001,
    "same_candle_policy": "conservative",
    "sl_pct": 0.006,
    "slippage_bps": 0.0,
    "source": "bybit",
    "spread_bps": 0.0,
    "symbol": "BTCUSDT",
    "taker_fee_pct": 0.0,
    "tp_pct": 0.012,
    "trailing": {
      "activation_pct": 0.004,
      "atr_mult": 1.4,
      "atr_period": 14,
      "keep_fixed_tp": false,
      "min_lock_pct": 0.0015
    }
  },
  "data_quality": {
    "duplicate_timestamps_count": 0,
    "expected_5m_rows": 105407,
    "gaps_first_5": [],
    "missing_candles_count": 0,
    "row_count": 105407,
    "timestamp_max_utc": "2024-12-31T23:55:00+00:00",
    "timestamp_min_utc": "2024-01-01T00:05:00+00:00"
  },
  "generated_at_utc": "2026-04-26T14:48:59.266656+00:00",
  "outcomes": {
    "skipped_no_atr": 0,
    "sl": 929,
    "timeout": 116,
    "tp": 0,
    "trailing": 1540,
    "trailing_activated": 1544
  },
  "signals": {
    "long_signals_above_threshold": 7425,
    "no_signal_rows": 91231,
    "short_signals_above_threshold": 6464,
    "total_signal_rows": 105120
  },
  "summary": {
    "avg_duration_candles": 9.886653771760155,
    "avg_duration_minutes": 49.43326885880077,
    "avg_loss_net": -0.37730350595238094,
    "avg_trade_net": 0.008336071876208892,
    "avg_win_net": 0.25483239048826883,
    "best_trade_net": 3.052020000000004,
    "expectancy_net": 0.008336071876208892,
    "fees_paid": 0.0,
    "final_balance": 1021.5487458,
    "funding_paid": 0.0,
    "long_net_pnl": 21.02701625000003,
    "long_trades": 1549,
    "longest_losing_streak": 8,
    "max_drawdown_pct": 1.6379643038452087,
    "max_drawdown_usdt": 16.940625649997514,
    "profit_factor_net": 1.0566592243927744,
    "short_net_pnl": 0.5217295499999592,
    "short_trades": 1036,
    "sl_count": 929,
    "spread_slippage_cost_estimate": 0.0,
    "timeout_count": 116,
    "total_gross_pnl": 21.54874579999999,
    "total_net_pnl": 21.54874579999999,
    "tp_count": 0,
    "trades_total": 2585,
    "trailing_count": 1540,
    "turnover_notional": 169348.1498,
    "win_rate_net": 61.00580270793037,
    "worst_trade_net": -0.6453840000000055
  }
}