{
  "breakdowns": {
    "by_month": {
      "2025-01": {
        "net_pnl": -8.549197059383335,
        "trades": 59,
        "win_rate": 35.59322033898305,
        "wins": 21
      },
      "2025-02": {
        "net_pnl": -27.730458785164217,
        "trades": 92,
        "win_rate": 19.565217391304348,
        "wins": 18
      },
      "2025-03": {
        "net_pnl": -30.506787547430957,
        "trades": 117,
        "win_rate": 25.64102564102564,
        "wins": 30
      },
      "2025-04": {
        "net_pnl": -24.342006425388853,
        "trades": 83,
        "win_rate": 25.301204819277107,
        "wins": 21
      },
      "2025-05": {
        "net_pnl": -11.054579978398161,
        "trades": 29,
        "win_rate": 34.48275862068966,
        "wins": 10
      },
      "2025-06": {
        "net_pnl": -7.882210954185347,
        "trades": 24,
        "win_rate": 33.33333333333333,
        "wins": 8
      },
      "2025-07": {
        "net_pnl": -8.971945720773048,
        "trades": 34,
        "win_rate": 35.294117647058826,
        "wins": 12
      },
      "2025-08": {
        "net_pnl": -11.312511918398638,
        "trades": 28,
        "win_rate": 32.142857142857146,
        "wins": 9
      },
      "2025-09": {
        "net_pnl": -3.6727633967882065,
        "trades": 9,
        "win_rate": 11.11111111111111,
        "wins": 1
      },
      "2025-10": {
        "net_pnl": -18.482128310557176,
        "trades": 77,
        "win_rate": 28.57142857142857,
        "wins": 22
      },
      "2025-11": {
        "net_pnl": -24.111150436411908,
        "trades": 89,
        "win_rate": 24.719101123595504,
        "wins": 22
      },
      "2025-12": {
        "net_pnl": -11.069658848970064,
        "trades": 48,
        "win_rate": 29.166666666666668,
        "wins": 14
      }
    },
    "by_outcome": {
      "sl": {
        "net_pnl": -240.16095637320413,
        "trades": 324
      },
      "timeout": {
        "net_pnl": -9.47170328425724,
        "trades": 50
      },
      "tp": {
        "net_pnl": 0.0,
        "trades": 0
      },
      "trailing": {
        "net_pnl": 61.947260275611455,
        "trades": 315
      }
    },
    "by_side": {
      "long": {
        "net_pnl": -115.56517231427011,
        "trades": 462,
        "win_rate": 25.324675324675322
      },
      "short": {
        "net_pnl": -72.1202270675798,
        "trades": 227,
        "win_rate": 31.277533039647576
      }
    },
    "by_year": {
      "2025": {
        "net_pnl": -187.68539938184998,
        "trades": 689,
        "win_rate": 27.28592162554427,
        "wins": 188
      }
    }
  },
  "config": {
    "confidence": 0.6,
    "custom_fee_pct": 0.00055,
    "data_path": "data/normalized/bybit/BTCUSDT/5m/bybit_BTCUSDT_5m_20240101T000500Z_20260425T235500Z.csv",
    "date_end": "2026-01-01T00:00:00Z",
    "date_start": "2025-01-01T00:00:00Z",
    "exit_mode": "atr_trailing",
    "fee_mode": "taker",
    "funding_mode": "none",
    "initial_balance": 1000.0,
    "interval_minutes": 5,
    "look_ahead": 36,
    "maker_fee_pct": 0.0002,
    "model_path": "monster_v4_2.json",
    "order_qty": 0.001,
    "same_candle_policy": "conservative",
    "sl_pct": 0.006,
    "slippage_bps": 5.0,
    "source": "bybit",
    "spread_bps": 5.0,
    "symbol": "BTCUSDT",
    "taker_fee_pct": 0.00055,
    "tp_pct": 0.012,
    "trailing": {
      "activation_pct": 0.004,
      "atr_mult": 1.4,
      "atr_period": 14,
      "keep_fixed_tp": false,
      "min_lock_pct": 0.0015
    }
  },
  "data_quality": {
    "duplicate_timestamps_count": 0,
    "expected_5m_rows": 105120,
    "gaps_first_5": [],
    "missing_candles_count": 0,
    "row_count": 105120,
    "timestamp_max_utc": "2025-12-31T23:55:00+00:00",
    "timestamp_min_utc": "2025-01-01T00:00:00+00:00"
  },
  "generated_at_utc": "2026-04-26T14:49:34.820118+00:00",
  "outcomes": {
    "skipped_no_atr": 0,
    "sl": 324,
    "timeout": 50,
    "tp": 0,
    "trailing": 315,
    "trailing_activated": 317
  },
  "signals": {
    "long_signals_above_threshold": 1857,
    "no_signal_rows": 101730,
    "short_signals_above_threshold": 1246,
    "total_signal_rows": 104833
  },
  "summary": {
    "avg_duration_candles": 10.319303338171263,
    "avg_duration_minutes": 51.59651669085632,
    "avg_loss_net": -0.5084235056537877,
    "avg_trade_net": -0.2724026115846878,
    "avg_win_net": 0.3565679625037112,
    "best_trade_net": 4.195488605105491,
    "expectancy_net": -0.2724026115846878,
    "fees_paid": 72.15600453762693,
    "final_balance": 812.31460061815,
    "funding_paid": 0.0,
    "long_net_pnl": -115.56517231427011,
    "long_trades": 462,
    "longest_losing_streak": 20,
    "max_drawdown_pct": 18.76853993818495,
    "max_drawdown_usdt": 187.6853993818495,
    "profit_factor_net": 0.26317026752989153,
    "short_net_pnl": -72.1202270675798,
    "short_trades": 227,
    "sl_count": 324,
    "spread_slippage_cost_estimate": 98.39454200386021,
    "timeout_count": 50,
    "total_gross_pnl": -115.52939484422296,
    "total_net_pnl": -187.68539938184992,
    "tp_count": 0,
    "trades_total": 689,
    "trailing_count": 315,
    "turnover_notional": 65606.9583162,
    "win_rate_net": 27.28592162554427,
    "worst_trade_net": -0.9718634636281839
  }
}