{
  "breakdowns": {
    "by_month": {
      "2024-01": {
        "net_pnl": -43.639617909830065,
        "trades": 515,
        "win_rate": 38.25242718446602,
        "wins": 197
      },
      "2024-02": {
        "net_pnl": -40.70661839131749,
        "trades": 391,
        "win_rate": 38.107416879795394,
        "wins": 149
      },
      "2024-03": {
        "net_pnl": -150.28102641765662,
        "trades": 778,
        "win_rate": 26.606683804627252,
        "wins": 207
      },
      "2024-04": {
        "net_pnl": -112.31405817473168,
        "trades": 627,
        "win_rate": 32.695374800637964,
        "wins": 205
      },
      "2024-05": {
        "net_pnl": -72.06494812652926,
        "trades": 438,
        "win_rate": 36.757990867579906,
        "wins": 161
      },
      "2024-06": {
        "net_pnl": -51.02635067993306,
        "trades": 281,
        "win_rate": 35.94306049822064,
        "wins": 101
      },
      "2024-07": {
        "net_pnl": -99.08962761201774,
        "trades": 536,
        "win_rate": 33.3955223880597,
        "wins": 179
      },
      "2024-08": {
        "net_pnl": -90.98548662182111,
        "trades": 653,
        "win_rate": 33.078101071975496,
        "wins": 216
      },
      "2024-09": {
        "net_pnl": -56.216198824039836,
        "trades": 414,
        "win_rate": 39.371980676328505,
        "wins": 163
      },
      "2024-10": {
        "net_pnl": -74.51355263993261,
        "trades": 367,
        "win_rate": 32.9700272479564,
        "wins": 121
      },
      "2024-11": {
        "net_pnl": -147.54437732454227,
        "trades": 593,
        "win_rate": 30.86003372681282,
        "wins": 183
      },
      "2024-12": {
        "net_pnl": -143.77205112887663,
        "trades": 542,
        "win_rate": 31.18081180811808,
        "wins": 169
      },
      "2025-01": {
        "net_pnl": -145.11740839526811,
        "trades": 517,
        "win_rate": 30.754352030947775,
        "wins": 159
      },
      "2025-02": {
        "net_pnl": -126.23929503968506,
        "trades": 452,
        "win_rate": 29.646017699115045,
        "wins": 134
      },
      "2025-03": {
        "net_pnl": -140.3764608806913,
        "trades": 590,
        "win_rate": 29.66101694915254,
        "wins": 175
      },
      "2025-04": {
        "net_pnl": -109.89200227531498,
        "trades": 453,
        "win_rate": 32.450331125827816,
        "wins": 147
      },
      "2025-05": {
        "net_pnl": -90.93894943516501,
        "trades": 300,
        "win_rate": 37.666666666666664,
        "wins": 113
      },
      "2025-06": {
        "net_pnl": -69.48237938771776,
        "trades": 226,
        "win_rate": 31.858407079646017,
        "wins": 72
      },
      "2025-07": {
        "net_pnl": -61.84241741821631,
        "trades": 218,
        "win_rate": 41.74311926605505,
        "wins": 91
      },
      "2025-08": {
        "net_pnl": -82.38172531091563,
        "trades": 245,
        "win_rate": 34.69387755102041,
        "wins": 85
      },
      "2025-09": {
        "net_pnl": -43.12138028706619,
        "trades": 149,
        "win_rate": 36.91275167785235,
        "wins": 55
      },
      "2025-10": {
        "net_pnl": -138.53761925425275,
        "trades": 421,
        "win_rate": 31.59144893111639,
        "wins": 133
      },
      "2025-11": {
        "net_pnl": -142.1301761307458,
        "trades": 508,
        "win_rate": 28.346456692913385,
        "wins": 144
      },
      "2025-12": {
        "net_pnl": -104.96297588188968,
        "trades": 406,
        "win_rate": 32.01970443349754,
        "wins": 130
      },
      "2026-01": {
        "net_pnl": -58.47989613390677,
        "trades": 315,
        "win_rate": 31.428571428571427,
        "wins": 99
      },
      "2026-02": {
        "net_pnl": -148.05929394569785,
        "trades": 697,
        "win_rate": 25.538020086083215,
        "wins": 178
      },
      "2026-03": {
        "net_pnl": -97.09300719784973,
        "trades": 563,
        "win_rate": 35.168738898756665,
        "wins": 198
      },
      "2026-04": {
        "net_pnl": -48.801053244632776,
        "trades": 304,
        "win_rate": 41.44736842105263,
        "wins": 126
      }
    },
    "by_outcome": {
      "sl": {
        "net_pnl": -3355.912498606115,
        "trades": 5433
      },
      "timeout": {
        "net_pnl": -223.3634672442629,
        "trades": 1022
      },
      "tp": {
        "net_pnl": 0.0,
        "trades": 0
      },
      "trailing": {
        "net_pnl": 889.6660117801339,
        "trades": 6044
      }
    },
    "by_side": {
      "long": {
        "net_pnl": -1858.9441050189164,
        "trades": 8633,
        "win_rate": 31.75026062782347
      },
      "short": {
        "net_pnl": -830.6658490513278,
        "trades": 3866,
        "win_rate": 34.893947232281434
      }
    },
    "by_year": {
      "2024": {
        "net_pnl": -1082.1539138512303,
        "trades": 6135,
        "win_rate": 33.43113284433578,
        "wins": 2051
      },
      "2025": {
        "net_pnl": -1255.0227896969288,
        "trades": 4485,
        "win_rate": 32.06243032329989,
        "wins": 1438
      },
      "2026": {
        "net_pnl": -352.4332505220872,
        "trades": 1879,
        "win_rate": 31.985098456625867,
        "wins": 601
      }
    }
  },
  "config": {
    "confidence": 0.3,
    "custom_fee_pct": 0.00055,
    "data_path": "data/normalized/bybit/BTCUSDT/5m/bybit_BTCUSDT_5m_20240101T000500Z_20260425T235500Z.csv",
    "date_end": null,
    "date_start": null,
    "exit_mode": "atr_trailing",
    "fee_mode": "taker",
    "funding_mode": "none",
    "initial_balance": 1000.0,
    "interval_minutes": 5,
    "look_ahead": 36,
    "maker_fee_pct": 0.0002,
    "model_path": "monster_v4_2.json",
    "order_qty": 0.001,
    "same_candle_policy": "conservative",
    "sl_pct": 0.006,
    "slippage_bps": 5.0,
    "source": "bybit",
    "spread_bps": 5.0,
    "symbol": "BTCUSDT",
    "taker_fee_pct": 0.00055,
    "tp_pct": 0.012,
    "trailing": {
      "activation_pct": 0.004,
      "atr_mult": 1.4,
      "atr_period": 14,
      "keep_fixed_tp": false,
      "min_lock_pct": 0.0015
    }
  },
  "data_quality": {
    "duplicate_timestamps_count": 0,
    "expected_5m_rows": 243647,
    "gaps_first_5": [],
    "missing_candles_count": 0,
    "row_count": 243647,
    "timestamp_max_utc": "2026-04-25T23:55:00+00:00",
    "timestamp_min_utc": "2024-01-01T00:05:00+00:00"
  },
  "generated_at_utc": "2026-04-26T14:48:25.521166+00:00",
  "outcomes": {
    "skipped_no_atr": 0,
    "sl": 5433,
    "timeout": 1022,
    "tp": 0,
    "trailing": 6044,
    "trailing_activated": 6100
  },
  "signals": {
    "long_signals_above_threshold": 87874,
    "no_signal_rows": 59633,
    "short_signals_above_threshold": 95853,
    "total_signal_rows": 243360
  },
  "summary": {
    "avg_duration_candles": 12.155532442595408,
    "avg_duration_minutes": 60.77766221297704,
    "avg_loss_net": -0.4339414943848318,
    "avg_trade_net": -0.21518601120651604,
    "avg_win_net": 0.23457312279017278,
    "best_trade_net": 6.469972362779023,
    "expectancy_net": -0.21518601120651604,
    "fees_paid": 1082.5380359038272,
    "final_balance": -1689.609954070244,
    "funding_paid": 0.0,
    "long_net_pnl": -1858.9441050189164,
    "long_trades": 8633,
    "longest_losing_streak": 30,
    "max_drawdown_pct": 268.89338286017534,
    "max_drawdown_usdt": 2690.0102808663714,
    "profit_factor_net": 0.2629214536589039,
    "short_net_pnl": -830.6658490513278,
    "short_trades": 3866,
    "sl_count": 5433,
    "spread_slippage_cost_estimate": 1476.1881571557772,
    "timeout_count": 1022,
    "total_gross_pnl": -1607.0719181664167,
    "total_net_pnl": -2689.609954070244,
    "tp_count": 0,
    "trades_total": 12499,
    "trailing_count": 6044,
    "turnover_notional": 984438.0191370001,
    "win_rate_net": 32.722617809424754,
    "worst_trade_net": -0.9869482574346629
  }
}