{
  "breakdowns": {
    "by_month": {
      "2024-01": {
        "net_pnl": -2.8094676780109262,
        "trades": 355,
        "win_rate": 65.91549295774648,
        "wins": 234
      },
      "2024-02": {
        "net_pnl": -15.68919442173869,
        "trades": 273,
        "win_rate": 58.24175824175825,
        "wins": 159
      },
      "2024-03": {
        "net_pnl": -66.46535406952097,
        "trades": 556,
        "win_rate": 57.9136690647482,
        "wins": 322
      },
      "2024-04": {
        "net_pnl": -36.30843798556604,
        "trades": 400,
        "win_rate": 59.25,
        "wins": 237
      },
      "2024-05": {
        "net_pnl": -29.64879450126574,
        "trades": 291,
        "win_rate": 54.63917525773196,
        "wins": 159
      },
      "2024-06": {
        "net_pnl": -24.924346842965114,
        "trades": 199,
        "win_rate": 49.74874371859296,
        "wins": 99
      },
      "2024-07": {
        "net_pnl": -39.60518785247553,
        "trades": 309,
        "win_rate": 53.72168284789643,
        "wins": 166
      },
      "2024-08": {
        "net_pnl": -32.740934515972114,
        "trades": 468,
        "win_rate": 59.61538461538461,
        "wins": 279
      },
      "2024-09": {
        "net_pnl": -24.895292341952306,
        "trades": 291,
        "win_rate": 57.73195876288659,
        "wins": 168
      },
      "2024-10": {
        "net_pnl": -35.83357179575208,
        "trades": 226,
        "win_rate": 49.557522123893804,
        "wins": 112
      },
      "2024-11": {
        "net_pnl": -70.91142016022678,
        "trades": 384,
        "win_rate": 53.90625,
        "wins": 207
      },
      "2024-12": {
        "net_pnl": -55.16759636548635,
        "trades": 345,
        "win_rate": 53.91304347826087,
        "wins": 186
      }
    },
    "by_outcome": {
      "sl": {
        "net_pnl": -789.7062070425454,
        "trades": 1600
      },
      "timeout": {
        "net_pnl": -30.918618307568718,
        "trades": 194
      },
      "tp": {
        "net_pnl": 0.0,
        "trades": 0
      },
      "trailing": {
        "net_pnl": 385.6252268191816,
        "trades": 2303
      }
    },
    "by_side": {
      "long": {
        "net_pnl": -254.33380945428448,
        "trades": 2382,
        "win_rate": 57.2208228379513
      },
      "short": {
        "net_pnl": -180.66578907664803,
        "trades": 1715,
        "win_rate": 56.268221574344025
      }
    },
    "by_year": {
      "2024": {
        "net_pnl": -434.9995985309323,
        "trades": 4097,
        "win_rate": 56.82206492555528,
        "wins": 2328
      }
    }
  },
  "config": {
    "confidence": 0.45,
    "custom_fee_pct": 0.00055,
    "data_path": "data/normalized/bybit/BTCUSDT/5m/bybit_BTCUSDT_5m_20240101T000500Z_20260425T235500Z.csv",
    "date_end": "2025-01-01T00:00:00Z",
    "date_start": "2024-01-01T00:00:00Z",
    "exit_mode": "atr_trailing",
    "fee_mode": "taker",
    "funding_mode": "none",
    "initial_balance": 1000.0,
    "interval_minutes": 5,
    "look_ahead": 36,
    "maker_fee_pct": 0.0002,
    "model_path": "monster_v4_2.json",
    "order_qty": 0.001,
    "same_candle_policy": "conservative",
    "sl_pct": 0.006,
    "slippage_bps": 2.0,
    "source": "bybit",
    "spread_bps": 2.0,
    "symbol": "BTCUSDT",
    "taker_fee_pct": 0.00055,
    "tp_pct": 0.012,
    "trailing": {
      "activation_pct": 0.004,
      "atr_mult": 1.4,
      "atr_period": 14,
      "keep_fixed_tp": false,
      "min_lock_pct": 0.0015
    }
  },
  "data_quality": {
    "duplicate_timestamps_count": 0,
    "expected_5m_rows": 105407,
    "gaps_first_5": [],
    "missing_candles_count": 0,
    "row_count": 105407,
    "timestamp_max_utc": "2024-12-31T23:55:00+00:00",
    "timestamp_min_utc": "2024-01-01T00:05:00+00:00"
  },
  "generated_at_utc": "2026-04-26T14:48:43.891848+00:00",
  "outcomes": {
    "skipped_no_atr": 0,
    "sl": 1600,
    "timeout": 194,
    "tp": 0,
    "trailing": 2303,
    "trailing_activated": 2311
  },
  "signals": {
    "long_signals_above_threshold": 15963,
    "no_signal_rows": 76954,
    "short_signals_above_threshold": 12203,
    "total_signal_rows": 105120
  },
  "summary": {
    "avg_duration_candles": 10.437881376617037,
    "avg_duration_minutes": 52.189406883085184,
    "avg_loss_net": -0.46506474698675565,
    "avg_trade_net": -0.10617515219207531,
    "avg_win_net": 0.1665377744367003,
    "best_trade_net": 6.336481356143595,
    "expectancy_net": -0.10617515219207531,
    "fees_paid": 297.1602017458716,
    "final_balance": 565.0004014690675,
    "funding_paid": 0.0,
    "long_net_pnl": -254.33380945428448,
    "long_trades": 2382,
    "longest_losing_streak": 8,
    "max_drawdown_pct": 43.927103400403574,
    "max_drawdown_usdt": 442.6172457939325,
    "profit_factor_net": 0.47125338140419315,
    "short_net_pnl": -180.66578907664803,
    "short_trades": 1715,
    "sl_count": 1600,
    "spread_slippage_cost_estimate": 162.08738495277652,
    "timeout_count": 194,
    "total_gross_pnl": -137.83939678506096,
    "total_net_pnl": -434.99959853093253,
    "tp_count": 0,
    "trades_total": 4097,
    "trailing_count": 2303,
    "turnover_notional": 270158.7730445,
    "win_rate_net": 56.82206492555528,
    "worst_trade_net": -0.7956460042429541
  }
}