{
  "breakdowns": {
    "by_month": {
      "2024-01": {
        "net_pnl": -20.653941691291525,
        "trades": 542,
        "win_rate": 61.80811808118081,
        "wins": 335
      },
      "2024-02": {
        "net_pnl": -24.557364381678575,
        "trades": 385,
        "win_rate": 58.96103896103896,
        "wins": 227
      },
      "2024-03": {
        "net_pnl": -93.94188418304321,
        "trades": 764,
        "win_rate": 57.06806282722513,
        "wins": 436
      },
      "2024-04": {
        "net_pnl": -70.36027367534176,
        "trades": 622,
        "win_rate": 55.62700964630225,
        "wins": 346
      },
      "2024-05": {
        "net_pnl": -49.400828551365706,
        "trades": 446,
        "win_rate": 53.58744394618834,
        "wins": 239
      },
      "2024-06": {
        "net_pnl": -34.59863554011123,
        "trades": 283,
        "win_rate": 50.53003533568905,
        "wins": 143
      },
      "2024-07": {
        "net_pnl": -74.878813517856,
        "trades": 526,
        "win_rate": 49.80988593155893,
        "wins": 262
      },
      "2024-08": {
        "net_pnl": -66.15957939652922,
        "trades": 672,
        "win_rate": 55.80357142857143,
        "wins": 375
      },
      "2024-09": {
        "net_pnl": -37.446373367706165,
        "trades": 419,
        "win_rate": 57.279236276849645,
        "wins": 240
      },
      "2024-10": {
        "net_pnl": -48.84484620860371,
        "trades": 360,
        "win_rate": 52.22222222222223,
        "wins": 188
      },
      "2024-11": {
        "net_pnl": -100.85653180529866,
        "trades": 578,
        "win_rate": 53.806228373702425,
        "wins": 311
      },
      "2024-12": {
        "net_pnl": -108.17296965868482,
        "trades": 544,
        "win_rate": 50.91911764705882,
        "wins": 277
      }
    },
    "by_outcome": {
      "sl": {
        "net_pnl": -1205.8776243147468,
        "trades": 2437
      },
      "timeout": {
        "net_pnl": -57.72335110075839,
        "trades": 402
      },
      "tp": {
        "net_pnl": 0.0,
        "trades": 0
      },
      "trailing": {
        "net_pnl": 533.7289334379944,
        "trades": 3302
      }
    },
    "by_side": {
      "long": {
        "net_pnl": -518.0235079940155,
        "trades": 4311,
        "win_rate": 55.27719786592438
      },
      "short": {
        "net_pnl": -211.8485339834951,
        "trades": 1830,
        "win_rate": 54.42622950819672
      }
    },
    "by_year": {
      "2024": {
        "net_pnl": -729.8720419775107,
        "trades": 6141,
        "win_rate": 55.02361178961082,
        "wins": 3379
      }
    }
  },
  "config": {
    "confidence": 0.3,
    "custom_fee_pct": 0.00055,
    "data_path": "data/normalized/bybit/BTCUSDT/5m/bybit_BTCUSDT_5m_20240101T000500Z_20260425T235500Z.csv",
    "date_end": "2025-01-01T00:00:00Z",
    "date_start": "2024-01-01T00:00:00Z",
    "exit_mode": "atr_trailing",
    "fee_mode": "taker",
    "funding_mode": "none",
    "initial_balance": 1000.0,
    "interval_minutes": 5,
    "look_ahead": 36,
    "maker_fee_pct": 0.0002,
    "model_path": "monster_v4_2.json",
    "order_qty": 0.001,
    "same_candle_policy": "conservative",
    "sl_pct": 0.006,
    "slippage_bps": 2.0,
    "source": "bybit",
    "spread_bps": 2.0,
    "symbol": "BTCUSDT",
    "taker_fee_pct": 0.00055,
    "tp_pct": 0.012,
    "trailing": {
      "activation_pct": 0.004,
      "atr_mult": 1.4,
      "atr_period": 14,
      "keep_fixed_tp": false,
      "min_lock_pct": 0.0015
    }
  },
  "data_quality": {
    "duplicate_timestamps_count": 0,
    "expected_5m_rows": 105407,
    "gaps_first_5": [],
    "missing_candles_count": 0,
    "row_count": 105407,
    "timestamp_max_utc": "2024-12-31T23:55:00+00:00",
    "timestamp_min_utc": "2024-01-01T00:05:00+00:00"
  },
  "generated_at_utc": "2026-04-26T14:48:18.462626+00:00",
  "outcomes": {
    "skipped_no_atr": 0,
    "sl": 2437,
    "timeout": 402,
    "tp": 0,
    "trailing": 3302,
    "trailing_activated": 3324
  },
  "signals": {
    "long_signals_above_threshold": 42437,
    "no_signal_rows": 17183,
    "short_signals_above_threshold": 45500,
    "total_signal_rows": 105120
  },
  "summary": {
    "avg_duration_candles": 11.42256961406937,
    "avg_duration_minutes": 57.11284807034686,
    "avg_loss_net": -0.45995989227597295,
    "avg_trade_net": -0.11885231102060098,
    "avg_win_net": 0.1599695710235948,
    "best_trade_net": 6.336481356143595,
    "expectancy_net": -0.11885231102060098,
    "fees_paid": 447.0861486687567,
    "final_balance": 270.12795802248934,
    "funding_paid": 0.0,
    "long_net_pnl": -518.0235079940155,
    "long_trades": 4311,
    "longest_losing_streak": 11,
    "max_drawdown_pct": 73.00209049184919,
    "max_drawdown_usdt": 730.4234288948405,
    "profit_factor_net": 0.425482727084888,
    "short_net_pnl": -211.8485339834951,
    "short_trades": 1830,
    "sl_count": 2437,
    "spread_slippage_cost_estimate": 243.86516849824775,
    "timeout_count": 402,
    "total_gross_pnl": -282.7858933087539,
    "total_net_pnl": -729.8720419775107,
    "tp_count": 0,
    "trades_total": 6141,
    "trailing_count": 3302,
    "turnover_notional": 406506.30946099,
    "win_rate_net": 55.02361178961082,
    "worst_trade_net": -0.7979057738154628
  }
}