{
  "breakdowns": {
    "by_month": {
      "2025-01": {
        "net_pnl": -106.18231992048564,
        "trades": 340,
        "win_rate": 29.117647058823533,
        "wins": 99
      },
      "2025-02": {
        "net_pnl": -96.2148902217983,
        "trades": 312,
        "win_rate": 26.282051282051285,
        "wins": 82
      },
      "2025-03": {
        "net_pnl": -98.7904824255512,
        "trades": 402,
        "win_rate": 27.114427860696516,
        "wins": 109
      },
      "2025-04": {
        "net_pnl": -70.25727540788615,
        "trades": 288,
        "win_rate": 30.90277777777778,
        "wins": 89
      },
      "2025-05": {
        "net_pnl": -52.30806726697827,
        "trades": 177,
        "win_rate": 36.72316384180791,
        "wins": 65
      },
      "2025-06": {
        "net_pnl": -53.54943109241867,
        "trades": 139,
        "win_rate": 26.618705035971225,
        "wins": 37
      },
      "2025-07": {
        "net_pnl": -40.139383904477064,
        "trades": 129,
        "win_rate": 34.10852713178294,
        "wins": 44
      },
      "2025-08": {
        "net_pnl": -45.04989943663572,
        "trades": 147,
        "win_rate": 36.734693877551024,
        "wins": 54
      },
      "2025-09": {
        "net_pnl": -23.59123732078095,
        "trades": 79,
        "win_rate": 36.708860759493675,
        "wins": 29
      },
      "2025-10": {
        "net_pnl": -84.85751625162021,
        "trades": 284,
        "win_rate": 33.45070422535211,
        "wins": 95
      },
      "2025-11": {
        "net_pnl": -82.86160633374459,
        "trades": 337,
        "win_rate": 32.34421364985163,
        "wins": 109
      },
      "2025-12": {
        "net_pnl": -65.0917016270027,
        "trades": 260,
        "win_rate": 30.384615384615383,
        "wins": 79
      }
    },
    "by_outcome": {
      "sl": {
        "net_pnl": -993.2687921629799,
        "trades": 1303
      },
      "timeout": {
        "net_pnl": -66.261969977321,
        "trades": 252
      },
      "tp": {
        "net_pnl": 0.0,
        "trades": 0
      },
      "trailing": {
        "net_pnl": 240.63695093092142,
        "trades": 1339
      }
    },
    "by_side": {
      "long": {
        "net_pnl": -480.13876847428463,
        "trades": 1643,
        "win_rate": 29.762629336579426
      },
      "short": {
        "net_pnl": -338.7550427350949,
        "trades": 1251,
        "win_rate": 32.13429256594724
      }
    },
    "by_year": {
      "2025": {
        "net_pnl": -818.8938112093805,
        "trades": 2894,
        "win_rate": 30.787836903939187,
        "wins": 891
      }
    }
  },
  "config": {
    "confidence": 0.45,
    "custom_fee_pct": 0.00055,
    "data_path": "data/normalized/bybit/BTCUSDT/5m/bybit_BTCUSDT_5m_20240101T000500Z_20260425T235500Z.csv",
    "date_end": "2026-01-01T00:00:00Z",
    "date_start": "2025-01-01T00:00:00Z",
    "exit_mode": "atr_trailing",
    "fee_mode": "taker",
    "funding_mode": "none",
    "initial_balance": 1000.0,
    "interval_minutes": 5,
    "look_ahead": 36,
    "maker_fee_pct": 0.0002,
    "model_path": "monster_v4_2.json",
    "order_qty": 0.001,
    "same_candle_policy": "conservative",
    "sl_pct": 0.006,
    "slippage_bps": 5.0,
    "source": "bybit",
    "spread_bps": 5.0,
    "symbol": "BTCUSDT",
    "taker_fee_pct": 0.00055,
    "tp_pct": 0.012,
    "trailing": {
      "activation_pct": 0.004,
      "atr_mult": 1.4,
      "atr_period": 14,
      "keep_fixed_tp": false,
      "min_lock_pct": 0.0015
    }
  },
  "data_quality": {
    "duplicate_timestamps_count": 0,
    "expected_5m_rows": 105120,
    "gaps_first_5": [],
    "missing_candles_count": 0,
    "row_count": 105120,
    "timestamp_max_utc": "2025-12-31T23:55:00+00:00",
    "timestamp_min_utc": "2025-01-01T00:00:00+00:00"
  },
  "generated_at_utc": "2026-04-26T14:48:53.582724+00:00",
  "outcomes": {
    "skipped_no_atr": 0,
    "sl": 1303,
    "timeout": 252,
    "tp": 0,
    "trailing": 1339,
    "trailing_activated": 1343
  },
  "signals": {
    "long_signals_above_threshold": 12129,
    "no_signal_rows": 83371,
    "short_signals_above_threshold": 9333,
    "total_signal_rows": 104833
  },
  "summary": {
    "avg_duration_candles": 12.267104353835522,
    "avg_duration_minutes": 61.33552176917761,
    "avg_loss_net": -0.5378594459409546,
    "avg_trade_net": -0.2829626161746301,
    "avg_win_net": 0.2900546116838971,
    "best_trade_net": 4.195488605105491,
    "expectancy_net": -0.2829626161746301,
    "fees_paid": 310.3780475671999,
    "final_balance": 181.10618879062054,
    "funding_paid": 0.0,
    "long_net_pnl": -480.13876847428463,
    "long_trades": 1643,
    "longest_losing_streak": 22,
    "max_drawdown_pct": 81.88938112093798,
    "max_drawdown_usdt": 818.8938112093799,
    "profit_factor_net": 0.2398875613185978,
    "short_net_pnl": -338.7550427350949,
    "short_trades": 1251,
    "sl_count": 1303,
    "spread_slippage_cost_estimate": 423.2427441710016,
    "timeout_count": 252,
    "total_gross_pnl": -508.5157636421796,
    "total_net_pnl": -818.8938112093795,
    "tp_count": 0,
    "trades_total": 2894,
    "trailing_count": 1339,
    "turnover_notional": 282212.28328170005,
    "win_rate_net": 30.787836903939187,
    "worst_trade_net": -0.9869482574346629
  }
}