{
  "breakdowns": {
    "by_month": {
      "2024-01": {
        "net_pnl": 2.979083772621747,
        "trades": 104,
        "win_rate": 74.03846153846155,
        "wins": 77
      },
      "2024-02": {
        "net_pnl": -2.855285075428351,
        "trades": 74,
        "win_rate": 60.810810810810814,
        "wins": 45
      },
      "2024-03": {
        "net_pnl": -17.788409017419088,
        "trades": 186,
        "win_rate": 60.215053763440864,
        "wins": 112
      },
      "2024-04": {
        "net_pnl": -9.17379492315417,
        "trades": 95,
        "win_rate": 56.84210526315789,
        "wins": 54
      },
      "2024-05": {
        "net_pnl": -5.760537546548109,
        "trades": 57,
        "win_rate": 52.63157894736842,
        "wins": 30
      },
      "2024-06": {
        "net_pnl": -5.302269155515807,
        "trades": 29,
        "win_rate": 44.827586206896555,
        "wins": 13
      },
      "2024-07": {
        "net_pnl": -8.519441399048187,
        "trades": 73,
        "win_rate": 53.42465753424658,
        "wins": 39
      },
      "2024-08": {
        "net_pnl": -8.703306396972915,
        "trades": 120,
        "win_rate": 57.49999999999999,
        "wins": 69
      },
      "2024-09": {
        "net_pnl": -1.9436561528118423,
        "trades": 70,
        "win_rate": 64.28571428571429,
        "wins": 45
      },
      "2024-10": {
        "net_pnl": -8.71075966203897,
        "trades": 39,
        "win_rate": 38.46153846153847,
        "wins": 15
      },
      "2024-11": {
        "net_pnl": -14.925765690104448,
        "trades": 95,
        "win_rate": 53.68421052631579,
        "wins": 51
      },
      "2024-12": {
        "net_pnl": -18.83439149885511,
        "trades": 78,
        "win_rate": 44.871794871794876,
        "wins": 35
      },
      "2025-01": {
        "net_pnl": -7.156480949484698,
        "trades": 61,
        "win_rate": 55.73770491803278,
        "wins": 34
      },
      "2025-02": {
        "net_pnl": -14.801675517444128,
        "trades": 89,
        "win_rate": 53.93258426966292,
        "wins": 48
      },
      "2025-03": {
        "net_pnl": -21.238308923736927,
        "trades": 114,
        "win_rate": 51.75438596491229,
        "wins": 59
      },
      "2025-04": {
        "net_pnl": -19.53137084789255,
        "trades": 85,
        "win_rate": 47.05882352941176,
        "wins": 40
      },
      "2025-05": {
        "net_pnl": -8.29644257835652,
        "trades": 30,
        "win_rate": 46.666666666666664,
        "wins": 14
      },
      "2025-06": {
        "net_pnl": -5.865300720524225,
        "trades": 25,
        "win_rate": 40.0,
        "wins": 10
      },
      "2025-07": {
        "net_pnl": -5.2837909896012185,
        "trades": 35,
        "win_rate": 54.285714285714285,
        "wins": 19
      },
      "2025-08": {
        "net_pnl": -9.28993837464549,
        "trades": 30,
        "win_rate": 43.333333333333336,
        "wins": 13
      },
      "2025-09": {
        "net_pnl": -2.7730788725451516,
        "trades": 9,
        "win_rate": 33.33333333333333,
        "wins": 3
      },
      "2025-10": {
        "net_pnl": -11.21328499421887,
        "trades": 76,
        "win_rate": 60.526315789473685,
        "wins": 46
      },
      "2025-11": {
        "net_pnl": -15.563307738726508,
        "trades": 88,
        "win_rate": 54.54545454545454,
        "wins": 48
      },
      "2025-12": {
        "net_pnl": -8.038871362066029,
        "trades": 51,
        "win_rate": 54.90196078431373,
        "wins": 28
      },
      "2026-01": {
        "net_pnl": -7.82876682216715,
        "trades": 60,
        "win_rate": 53.333333333333336,
        "wins": 32
      },
      "2026-02": {
        "net_pnl": -18.23782178910175,
        "trades": 144,
        "win_rate": 55.55555555555556,
        "wins": 80
      },
      "2026-03": {
        "net_pnl": -10.596247574931043,
        "trades": 93,
        "win_rate": 60.215053763440864,
        "wins": 56
      },
      "2026-04": {
        "net_pnl": -6.333916297429885,
        "trades": 36,
        "win_rate": 50.0,
        "wins": 18
      }
    },
    "by_outcome": {
      "sl": {
        "net_pnl": -476.59168993209653,
        "trades": 833
      },
      "timeout": {
        "net_pnl": -15.973918629847903,
        "trades": 99
      },
      "tp": {
        "net_pnl": 90.46796348493092,
        "trades": 117
      },
      "trailing": {
        "net_pnl": 130.51050797886614,
        "trades": 997
      }
    },
    "by_side": {
      "long": {
        "net_pnl": -174.4774808218086,
        "trades": 1397,
        "win_rate": 56.12025769506085
      },
      "short": {
        "net_pnl": -97.10965627633881,
        "trades": 649,
        "win_rate": 53.77503852080123
      }
    },
    "by_year": {
      "2024": {
        "net_pnl": -99.53853274527526,
        "trades": 1020,
        "win_rate": 57.35294117647059,
        "wins": 585
      },
      "2025": {
        "net_pnl": -129.05185186924228,
        "trades": 693,
        "win_rate": 52.23665223665223,
        "wins": 362
      },
      "2026": {
        "net_pnl": -42.99675248362987,
        "trades": 333,
        "win_rate": 55.85585585585585,
        "wins": 186
      }
    }
  },
  "config": {
    "confidence": 0.6,
    "custom_fee_pct": 0.00055,
    "data_path": "data/normalized/bybit/BTCUSDT/5m/bybit_BTCUSDT_5m_20240101T000500Z_20260425T235500Z.csv",
    "date_end": null,
    "date_start": null,
    "exit_mode": "atr_trailing",
    "fee_mode": "taker",
    "funding_mode": "none",
    "initial_balance": 1000.0,
    "interval_minutes": 5,
    "look_ahead": 36,
    "maker_fee_pct": 0.0002,
    "model_path": "monster_v4_2.json",
    "order_qty": 0.001,
    "same_candle_policy": "conservative",
    "sl_pct": 0.006,
    "slippage_bps": 2.0,
    "source": "bybit",
    "spread_bps": 2.0,
    "symbol": "BTCUSDT",
    "taker_fee_pct": 0.00055,
    "tp_pct": 0.012,
    "trailing": {
      "activation_pct": 0.004,
      "atr_mult": 1.4,
      "atr_period": 14,
      "keep_fixed_tp": true,
      "min_lock_pct": 0.0015
    }
  },
  "data_quality": {
    "duplicate_timestamps_count": 0,
    "expected_5m_rows": 243647,
    "gaps_first_5": [],
    "missing_candles_count": 0,
    "row_count": 243647,
    "timestamp_max_utc": "2026-04-25T23:55:00+00:00",
    "timestamp_min_utc": "2024-01-01T00:05:00+00:00"
  },
  "generated_at_utc": "2026-04-26T14:47:53.129482+00:00",
  "outcomes": {
    "skipped_no_atr": 0,
    "sl": 833,
    "timeout": 99,
    "tp": 117,
    "trailing": 997,
    "trailing_activated": 1079
  },
  "signals": {
    "long_signals_above_threshold": 5117,
    "no_signal_rows": 234897,
    "short_signals_above_threshold": 3346,
    "total_signal_rows": 243360
  },
  "summary": {
    "avg_duration_candles": 9.24731182795699,
    "avg_duration_minutes": 46.23655913978495,
    "avg_loss_net": -0.542081406961102,
    "avg_trade_net": -0.13274053621610332,
    "avg_win_net": 0.19711667030656546,
    "best_trade_net": 1.3143035809323111,
    "expectancy_net": -0.13274053621610332,
    "fees_paid": 172.37095612672917,
    "final_balance": 728.4128629018526,
    "funding_paid": 0.0,
    "long_net_pnl": -174.4774808218086,
    "long_trades": 1397,
    "longest_losing_streak": 8,
    "max_drawdown_pct": 27.51621619607716,
    "max_drawdown_usdt": 276.5193090613211,
    "profit_factor_net": 0.45125079002953844,
    "short_net_pnl": -97.10965627633881,
    "short_trades": 649,
    "sl_count": 833,
    "spread_slippage_cost_estimate": 94.02052105605041,
    "timeout_count": 99,
    "total_gross_pnl": -99.21618097141823,
    "total_net_pnl": -271.5871370981474,
    "tp_count": 117,
    "trades_total": 2046,
    "trailing_count": 997,
    "turnover_notional": 156709.2150289,
    "win_rate_net": 55.376344086021504,
    "worst_trade_net": -0.9160462311875041
  }
}