{
  "breakdowns": {
    "by_month": {
      "2024-01": {
        "net_pnl": -16.637748602339894,
        "trades": 351,
        "win_rate": 41.88034188034188,
        "wins": 147
      },
      "2024-02": {
        "net_pnl": -27.919727001361448,
        "trades": 267,
        "win_rate": 38.57677902621723,
        "wins": 103
      },
      "2024-03": {
        "net_pnl": -99.00853072877607,
        "trades": 555,
        "win_rate": 26.846846846846844,
        "wins": 149
      },
      "2024-04": {
        "net_pnl": -59.23396985893148,
        "trades": 403,
        "win_rate": 33.49875930521092,
        "wins": 135
      },
      "2024-05": {
        "net_pnl": -45.7766130017078,
        "trades": 295,
        "win_rate": 36.610169491525426,
        "wins": 108
      },
      "2024-06": {
        "net_pnl": -40.49564501649017,
        "trades": 203,
        "win_rate": 36.45320197044335,
        "wins": 74
      },
      "2024-07": {
        "net_pnl": -58.3022105699977,
        "trades": 304,
        "win_rate": 32.89473684210527,
        "wins": 100
      },
      "2024-08": {
        "net_pnl": -50.82730487527308,
        "trades": 453,
        "win_rate": 32.671081677704194,
        "wins": 148
      },
      "2024-09": {
        "net_pnl": -41.93469920780988,
        "trades": 294,
        "win_rate": 35.714285714285715,
        "wins": 105
      },
      "2024-10": {
        "net_pnl": -47.47555947038619,
        "trades": 228,
        "win_rate": 31.57894736842105,
        "wins": 72
      },
      "2024-11": {
        "net_pnl": -99.17458466688409,
        "trades": 388,
        "win_rate": 28.865979381443296,
        "wins": 112
      },
      "2024-12": {
        "net_pnl": -88.71307188401566,
        "trades": 350,
        "win_rate": 30.857142857142854,
        "wins": 108
      },
      "2025-01": {
        "net_pnl": -107.45101203372275,
        "trades": 344,
        "win_rate": 29.069767441860467,
        "wins": 100
      },
      "2025-02": {
        "net_pnl": -96.2148902217983,
        "trades": 312,
        "win_rate": 26.282051282051285,
        "wins": 82
      },
      "2025-03": {
        "net_pnl": -98.7904824255512,
        "trades": 402,
        "win_rate": 27.114427860696516,
        "wins": 109
      },
      "2025-04": {
        "net_pnl": -70.25727540788615,
        "trades": 288,
        "win_rate": 30.90277777777778,
        "wins": 89
      },
      "2025-05": {
        "net_pnl": -52.30806726697827,
        "trades": 177,
        "win_rate": 36.72316384180791,
        "wins": 65
      },
      "2025-06": {
        "net_pnl": -53.54943109241867,
        "trades": 139,
        "win_rate": 26.618705035971225,
        "wins": 37
      },
      "2025-07": {
        "net_pnl": -40.139383904477064,
        "trades": 129,
        "win_rate": 34.10852713178294,
        "wins": 44
      },
      "2025-08": {
        "net_pnl": -45.04989943663572,
        "trades": 147,
        "win_rate": 36.734693877551024,
        "wins": 54
      },
      "2025-09": {
        "net_pnl": -23.59123732078095,
        "trades": 79,
        "win_rate": 36.708860759493675,
        "wins": 29
      },
      "2025-10": {
        "net_pnl": -84.85751625162021,
        "trades": 284,
        "win_rate": 33.45070422535211,
        "wins": 95
      },
      "2025-11": {
        "net_pnl": -82.86160633374459,
        "trades": 337,
        "win_rate": 32.34421364985163,
        "wins": 109
      },
      "2025-12": {
        "net_pnl": -65.0917016270027,
        "trades": 260,
        "win_rate": 30.384615384615383,
        "wins": 79
      },
      "2026-01": {
        "net_pnl": -43.516621643697576,
        "trades": 220,
        "win_rate": 33.63636363636363,
        "wins": 74
      },
      "2026-02": {
        "net_pnl": -94.92105363585955,
        "trades": 469,
        "win_rate": 25.5863539445629,
        "wins": 120
      },
      "2026-03": {
        "net_pnl": -71.27160341197745,
        "trades": 389,
        "win_rate": 35.47557840616967,
        "wins": 138
      },
      "2026-04": {
        "net_pnl": -33.62900610663773,
        "trades": 183,
        "win_rate": 37.704918032786885,
        "wins": 69
      }
    },
    "by_outcome": {
      "sl": {
        "net_pnl": -2246.708761775888,
        "trades": 3642
      },
      "timeout": {
        "net_pnl": -119.30133241027497,
        "trades": 528
      },
      "tp": {
        "net_pnl": 0.0,
        "trades": 0
      },
      "trailing": {
        "net_pnl": 627.0096411814005,
        "trades": 4080
      }
    },
    "by_side": {
      "long": {
        "net_pnl": -1008.8246480624956,
        "trades": 4753,
        "win_rate": 31.769408794445614
      },
      "short": {
        "net_pnl": -730.1758049422667,
        "trades": 3497,
        "win_rate": 32.71375464684015
      }
    },
    "by_year": {
      "2024": {
        "net_pnl": -675.4996648839725,
        "trades": 4091,
        "win_rate": 33.26814959667563,
        "wins": 1361
      },
      "2025": {
        "net_pnl": -820.1625033226176,
        "trades": 2898,
        "win_rate": 30.77984817115252,
        "wins": 892
      },
      "2026": {
        "net_pnl": -243.33828479817237,
        "trades": 1261,
        "win_rate": 31.800158604282313,
        "wins": 401
      }
    }
  },
  "config": {
    "confidence": 0.45,
    "custom_fee_pct": 0.00055,
    "data_path": "data/normalized/bybit/BTCUSDT/5m/bybit_BTCUSDT_5m_20240101T000500Z_20260425T235500Z.csv",
    "date_end": null,
    "date_start": null,
    "exit_mode": "atr_trailing",
    "fee_mode": "taker",
    "funding_mode": "none",
    "initial_balance": 1000.0,
    "interval_minutes": 5,
    "look_ahead": 36,
    "maker_fee_pct": 0.0002,
    "model_path": "monster_v4_2.json",
    "order_qty": 0.001,
    "same_candle_policy": "conservative",
    "sl_pct": 0.006,
    "slippage_bps": 5.0,
    "source": "bybit",
    "spread_bps": 5.0,
    "symbol": "BTCUSDT",
    "taker_fee_pct": 0.00055,
    "tp_pct": 0.012,
    "trailing": {
      "activation_pct": 0.004,
      "atr_mult": 1.4,
      "atr_period": 14,
      "keep_fixed_tp": false,
      "min_lock_pct": 0.0015
    }
  },
  "data_quality": {
    "duplicate_timestamps_count": 0,
    "expected_5m_rows": 243647,
    "gaps_first_5": [],
    "missing_candles_count": 0,
    "row_count": 243647,
    "timestamp_max_utc": "2026-04-25T23:55:00+00:00",
    "timestamp_min_utc": "2024-01-01T00:05:00+00:00"
  },
  "generated_at_utc": "2026-04-26T14:48:50.050123+00:00",
  "outcomes": {
    "skipped_no_atr": 0,
    "sl": 3642,
    "timeout": 528,
    "tp": 0,
    "trailing": 4080,
    "trailing_activated": 4090
  },
  "signals": {
    "long_signals_above_threshold": 32633,
    "no_signal_rows": 185312,
    "short_signals_above_threshold": 25415,
    "total_signal_rows": 243360
  },
  "summary": {
    "avg_duration_candles": 11.073818181818181,
    "avg_duration_minutes": 55.36909090909091,
    "avg_loss_net": -0.4302111039757164,
    "avg_trade_net": -0.21078793369754695,
    "avg_win_net": 0.25186921056644557,
    "best_trade_net": 6.251057232359005,
    "expectancy_net": -0.21078793369754695,
    "fees_paid": 709.7566405498778,
    "final_balance": -739.0004530047622,
    "funding_paid": 0.0,
    "long_net_pnl": -1008.8246480624956,
    "long_trades": 4753,
    "longest_losing_streak": 25,
    "max_drawdown_pct": 173.73360106594254,
    "max_drawdown_usdt": 1741.2578259273887,
    "profit_factor_net": 0.2776621473974927,
    "short_net_pnl": -730.1758049422667,
    "short_trades": 3497,
    "sl_count": 3642,
    "spread_slippage_cost_estimate": 967.8499298521025,
    "timeout_count": 528,
    "total_gross_pnl": -1029.2438124548844,
    "total_net_pnl": -1739.0004530047622,
    "tp_count": 0,
    "trades_total": 8250,
    "trailing_count": 4080,
    "turnover_notional": 645320.259078425,
    "win_rate_net": 32.16969696969697,
    "worst_trade_net": -0.9869482574346629
  }
}