{
  "breakdowns": {
    "by_month": {
      "2025-01": {
        "net_pnl": -50.086964837035815,
        "trades": 180,
        "win_rate": 31.11111111111111,
        "wins": 56
      },
      "2025-02": {
        "net_pnl": -60.25250747628669,
        "trades": 200,
        "win_rate": 23.0,
        "wins": 46
      },
      "2025-03": {
        "net_pnl": -68.63622616461086,
        "trades": 275,
        "win_rate": 26.545454545454543,
        "wins": 73
      },
      "2025-04": {
        "net_pnl": -55.24708490568069,
        "trades": 198,
        "win_rate": 26.262626262626267,
        "wins": 52
      },
      "2025-05": {
        "net_pnl": -33.2789694653526,
        "trades": 110,
        "win_rate": 40.0,
        "wins": 44
      },
      "2025-06": {
        "net_pnl": -28.95079245717031,
        "trades": 82,
        "win_rate": 32.926829268292686,
        "wins": 27
      },
      "2025-07": {
        "net_pnl": -23.022043699533725,
        "trades": 81,
        "win_rate": 35.80246913580247,
        "wins": 29
      },
      "2025-08": {
        "net_pnl": -14.831051336298483,
        "trades": 86,
        "win_rate": 44.18604651162791,
        "wins": 38
      },
      "2025-09": {
        "net_pnl": -15.013564764637914,
        "trades": 49,
        "win_rate": 32.6530612244898,
        "wins": 16
      },
      "2025-10": {
        "net_pnl": -44.26271217383067,
        "trades": 184,
        "win_rate": 33.69565217391305,
        "wins": 62
      },
      "2025-11": {
        "net_pnl": -49.18983071086151,
        "trades": 200,
        "win_rate": 30.5,
        "wins": 61
      },
      "2025-12": {
        "net_pnl": -39.91196158516968,
        "trades": 150,
        "win_rate": 30.666666666666664,
        "wins": 46
      }
    },
    "by_outcome": {
      "sl": {
        "net_pnl": -606.9496701530346,
        "trades": 804
      },
      "timeout": {
        "net_pnl": -35.95600774028286,
        "trades": 144
      },
      "tp": {
        "net_pnl": 0.0,
        "trades": 0
      },
      "trailing": {
        "net_pnl": 160.22196831684857,
        "trades": 847
      }
    },
    "by_side": {
      "long": {
        "net_pnl": -290.96967638143775,
        "trades": 1044,
        "win_rate": 28.831417624521073
      },
      "short": {
        "net_pnl": -191.7140331950312,
        "trades": 751,
        "win_rate": 33.15579227696405
      }
    },
    "by_year": {
      "2025": {
        "net_pnl": -482.6837095764688,
        "trades": 1795,
        "win_rate": 30.64066852367688,
        "wins": 550
      }
    }
  },
  "config": {
    "confidence": 0.51,
    "custom_fee_pct": 0.00055,
    "data_path": "data/normalized/bybit/BTCUSDT/5m/bybit_BTCUSDT_5m_20240101T000500Z_20260425T235500Z.csv",
    "date_end": "2026-01-01T00:00:00Z",
    "date_start": "2025-01-01T00:00:00Z",
    "exit_mode": "atr_trailing",
    "fee_mode": "taker",
    "funding_mode": "none",
    "initial_balance": 1000.0,
    "interval_minutes": 5,
    "look_ahead": 36,
    "maker_fee_pct": 0.0002,
    "model_path": "monster_v4_2.json",
    "order_qty": 0.001,
    "same_candle_policy": "conservative",
    "sl_pct": 0.006,
    "slippage_bps": 5.0,
    "source": "bybit",
    "spread_bps": 5.0,
    "symbol": "BTCUSDT",
    "taker_fee_pct": 0.00055,
    "tp_pct": 0.012,
    "trailing": {
      "activation_pct": 0.004,
      "atr_mult": 1.4,
      "atr_period": 14,
      "keep_fixed_tp": false,
      "min_lock_pct": 0.0015
    }
  },
  "data_quality": {
    "duplicate_timestamps_count": 0,
    "expected_5m_rows": 105120,
    "gaps_first_5": [],
    "missing_candles_count": 0,
    "row_count": 105120,
    "timestamp_max_utc": "2025-12-31T23:55:00+00:00",
    "timestamp_min_utc": "2025-01-01T00:00:00+00:00"
  },
  "generated_at_utc": "2026-04-26T14:49:15.862019+00:00",
  "outcomes": {
    "skipped_no_atr": 0,
    "sl": 804,
    "timeout": 144,
    "tp": 0,
    "trailing": 847,
    "trailing_activated": 854
  },
  "signals": {
    "long_signals_above_threshold": 5296,
    "no_signal_rows": 94756,
    "short_signals_above_threshold": 4781,
    "total_signal_rows": 104833
  },
  "summary": {
    "avg_duration_candles": 11.735933147632313,
    "avg_duration_minutes": 58.67966573816156,
    "avg_loss_net": -0.5268040456688049,
    "avg_trade_net": -0.26890457358020553,
    "avg_win_net": 0.3148860496021696,
    "best_trade_net": 4.195488605105491,
    "expectancy_net": -0.26890457358020553,
    "fees_paid": 191.28983863257562,
    "final_balance": 517.316290423531,
    "funding_paid": 0.0,
    "long_net_pnl": -290.96967638143775,
    "long_trades": 1044,
    "longest_losing_streak": 22,
    "max_drawdown_pct": 48.26837095764693,
    "max_drawdown_usdt": 482.68370957646925,
    "profit_factor_net": 0.2640569830784868,
    "short_net_pnl": -191.7140331950312,
    "short_trades": 751,
    "sl_count": 804,
    "spread_slippage_cost_estimate": 260.8497627724417,
    "timeout_count": 144,
    "total_gross_pnl": -291.3938709438933,
    "total_net_pnl": -482.68370957646897,
    "tp_count": 0,
    "trades_total": 1795,
    "trailing_count": 847,
    "turnover_notional": 173934.88925230002,
    "win_rate_net": 30.64066852367688,
    "worst_trade_net": -0.9865535195673862
  }
}