{
  "breakdowns": {
    "by_month": {
      "2024-01": {
        "net_pnl": 6.182944837004021,
        "trades": 78,
        "win_rate": 55.12820512820513,
        "wins": 43
      },
      "2024-02": {
        "net_pnl": -5.631643280873578,
        "trades": 59,
        "win_rate": 33.89830508474576,
        "wins": 20
      },
      "2024-03": {
        "net_pnl": -21.387315155307096,
        "trades": 148,
        "win_rate": 32.432432432432435,
        "wins": 48
      },
      "2024-04": {
        "net_pnl": -9.933406689270019,
        "trades": 76,
        "win_rate": 35.526315789473685,
        "wins": 27
      },
      "2024-05": {
        "net_pnl": -6.6728566390411554,
        "trades": 45,
        "win_rate": 31.11111111111111,
        "wins": 14
      },
      "2024-06": {
        "net_pnl": -4.702881987063823,
        "trades": 26,
        "win_rate": 26.923076923076923,
        "wins": 7
      },
      "2024-07": {
        "net_pnl": -9.296501077575147,
        "trades": 57,
        "win_rate": 33.33333333333333,
        "wins": 19
      },
      "2024-08": {
        "net_pnl": -9.753640143195096,
        "trades": 95,
        "win_rate": 34.73684210526316,
        "wins": 33
      },
      "2024-09": {
        "net_pnl": 1.6586106714260334,
        "trades": 56,
        "win_rate": 51.78571428571429,
        "wins": 29
      },
      "2024-10": {
        "net_pnl": -12.59184337675215,
        "trades": 38,
        "win_rate": 15.789473684210526,
        "wins": 6
      },
      "2024-11": {
        "net_pnl": -20.770321242026412,
        "trades": 83,
        "win_rate": 26.506024096385545,
        "wins": 22
      },
      "2024-12": {
        "net_pnl": -23.24544852136672,
        "trades": 70,
        "win_rate": 25.71428571428571,
        "wins": 18
      }
    },
    "by_outcome": {
      "sl": {
        "net_pnl": -253.66279454864264,
        "trades": 480
      },
      "timeout": {
        "net_pnl": 2.5685708361968596,
        "trades": 139
      },
      "tp": {
        "net_pnl": 134.94992110840462,
        "trades": 212
      },
      "trailing": {
        "net_pnl": 0.0,
        "trades": 0
      }
    },
    "by_side": {
      "long": {
        "net_pnl": -80.88700154005059,
        "trades": 557,
        "win_rate": 33.034111310592465
      },
      "short": {
        "net_pnl": -35.25730106399058,
        "trades": 274,
        "win_rate": 37.22627737226277
      }
    },
    "by_year": {
      "2024": {
        "net_pnl": -116.14430260404121,
        "trades": 831,
        "win_rate": 34.416365824308066,
        "wins": 286
      }
    }
  },
  "config": {
    "confidence": 0.6,
    "custom_fee_pct": 0.00055,
    "data_path": "data/normalized/bybit/BTCUSDT/5m/bybit_BTCUSDT_5m_20240101T000500Z_20260425T235500Z.csv",
    "date_end": "2025-01-01T00:00:00Z",
    "date_start": "2024-01-01T00:00:00Z",
    "exit_mode": "fixed",
    "fee_mode": "taker",
    "funding_mode": "none",
    "initial_balance": 1000.0,
    "interval_minutes": 5,
    "look_ahead": 36,
    "maker_fee_pct": 0.0002,
    "model_path": "monster_v4_2.json",
    "order_qty": 0.001,
    "same_candle_policy": "conservative",
    "sl_pct": 0.006,
    "slippage_bps": 5.0,
    "source": "bybit",
    "spread_bps": 5.0,
    "symbol": "BTCUSDT",
    "taker_fee_pct": 0.00055,
    "tp_pct": 0.012,
    "trailing": null
  },
  "data_quality": {
    "duplicate_timestamps_count": 0,
    "expected_5m_rows": 105407,
    "gaps_first_5": [],
    "missing_candles_count": 0,
    "row_count": 105407,
    "timestamp_max_utc": "2024-12-31T23:55:00+00:00",
    "timestamp_min_utc": "2024-01-01T00:05:00+00:00"
  },
  "generated_at_utc": "2026-04-26T14:46:29.322638+00:00",
  "outcomes": {
    "skipped_no_atr": 0,
    "sl": 480,
    "timeout": 139,
    "tp": 212,
    "trailing": 0,
    "trailing_activated": 0
  },
  "signals": {
    "long_signals_above_threshold": 2402,
    "no_signal_rows": 101110,
    "short_signals_above_threshold": 1608,
    "total_signal_rows": 105120
  },
  "summary": {
    "avg_duration_candles": 14.394705174488568,
    "avg_duration_minutes": 71.97352587244283,
    "avg_loss_net": -0.4882108654876787,
    "avg_trade_net": -0.13976450373530827,
    "avg_win_net": 0.5242329338697331,
    "best_trade_net": 1.023714875246684,
    "expectancy_net": -0.13976450373530827,
    "fees_paid": 60.09049848247216,
    "final_balance": 883.8556973959588,
    "funding_paid": 0.0,
    "long_net_pnl": -80.88700154005059,
    "long_trades": 557,
    "longest_losing_streak": 16,
    "max_drawdown_pct": 12.37808645538457,
    "max_drawdown_usdt": 124.85965888979081,
    "profit_factor_net": 0.5634902309996106,
    "short_net_pnl": -35.25730106399058,
    "short_trades": 274,
    "sl_count": 480,
    "spread_slippage_cost_estimate": 81.94160340161883,
    "timeout_count": 139,
    "total_gross_pnl": -56.053804121569016,
    "total_net_pnl": -116.14430260404117,
    "tp_count": 212,
    "trades_total": 831,
    "trailing_count": 0,
    "turnover_notional": 54640.323922,
    "win_rate_net": 34.416365824308066,
    "worst_trade_net": -0.8365805968546541
  }
}