{
  "breakdowns": {
    "by_month": {
      "2024-01": {
        "net_pnl": -43.639617909830065,
        "trades": 515,
        "win_rate": 38.25242718446602,
        "wins": 197
      },
      "2024-02": {
        "net_pnl": -40.70661839131749,
        "trades": 391,
        "win_rate": 38.107416879795394,
        "wins": 149
      },
      "2024-03": {
        "net_pnl": -150.28102641765662,
        "trades": 778,
        "win_rate": 26.606683804627252,
        "wins": 207
      },
      "2024-04": {
        "net_pnl": -112.31405817473168,
        "trades": 627,
        "win_rate": 32.695374800637964,
        "wins": 205
      },
      "2024-05": {
        "net_pnl": -72.06494812652926,
        "trades": 438,
        "win_rate": 36.757990867579906,
        "wins": 161
      },
      "2024-06": {
        "net_pnl": -51.02635067993306,
        "trades": 281,
        "win_rate": 35.94306049822064,
        "wins": 101
      },
      "2024-07": {
        "net_pnl": -99.08962761201774,
        "trades": 536,
        "win_rate": 33.3955223880597,
        "wins": 179
      },
      "2024-08": {
        "net_pnl": -90.98548662182111,
        "trades": 653,
        "win_rate": 33.078101071975496,
        "wins": 216
      },
      "2024-09": {
        "net_pnl": -56.216198824039836,
        "trades": 414,
        "win_rate": 39.371980676328505,
        "wins": 163
      },
      "2024-10": {
        "net_pnl": -74.51355263993261,
        "trades": 367,
        "win_rate": 32.9700272479564,
        "wins": 121
      },
      "2024-11": {
        "net_pnl": -147.54437732454227,
        "trades": 593,
        "win_rate": 30.86003372681282,
        "wins": 183
      },
      "2024-12": {
        "net_pnl": -143.77205112887663,
        "trades": 542,
        "win_rate": 31.18081180811808,
        "wins": 169
      }
    },
    "by_outcome": {
      "sl": {
        "net_pnl": -1415.2417616516213,
        "trades": 2696
      },
      "timeout": {
        "net_pnl": -69.2018788191124,
        "trades": 400
      },
      "tp": {
        "net_pnl": 0.0,
        "trades": 0
      },
      "trailing": {
        "net_pnl": 402.28972661950525,
        "trades": 3039
      }
    },
    "by_side": {
      "long": {
        "net_pnl": -768.9601263939647,
        "trades": 4336,
        "win_rate": 32.449261992619924
      },
      "short": {
        "net_pnl": -313.1937874572637,
        "trades": 1799,
        "win_rate": 35.797665369649806
      }
    },
    "by_year": {
      "2024": {
        "net_pnl": -1082.1539138512303,
        "trades": 6135,
        "win_rate": 33.43113284433578,
        "wins": 2051
      }
    }
  },
  "config": {
    "confidence": 0.3,
    "custom_fee_pct": 0.00055,
    "data_path": "data/normalized/bybit/BTCUSDT/5m/bybit_BTCUSDT_5m_20240101T000500Z_20260425T235500Z.csv",
    "date_end": "2025-01-01T00:00:00Z",
    "date_start": "2024-01-01T00:00:00Z",
    "exit_mode": "atr_trailing",
    "fee_mode": "taker",
    "funding_mode": "none",
    "initial_balance": 1000.0,
    "interval_minutes": 5,
    "look_ahead": 36,
    "maker_fee_pct": 0.0002,
    "model_path": "monster_v4_2.json",
    "order_qty": 0.001,
    "same_candle_policy": "conservative",
    "sl_pct": 0.006,
    "slippage_bps": 5.0,
    "source": "bybit",
    "spread_bps": 5.0,
    "symbol": "BTCUSDT",
    "taker_fee_pct": 0.00055,
    "tp_pct": 0.012,
    "trailing": {
      "activation_pct": 0.004,
      "atr_mult": 1.4,
      "atr_period": 14,
      "keep_fixed_tp": false,
      "min_lock_pct": 0.0015
    }
  },
  "data_quality": {
    "duplicate_timestamps_count": 0,
    "expected_5m_rows": 105407,
    "gaps_first_5": [],
    "missing_candles_count": 0,
    "row_count": 105407,
    "timestamp_max_utc": "2024-12-31T23:55:00+00:00",
    "timestamp_min_utc": "2024-01-01T00:05:00+00:00"
  },
  "generated_at_utc": "2026-04-26T14:48:27.620031+00:00",
  "outcomes": {
    "skipped_no_atr": 0,
    "sl": 2696,
    "timeout": 400,
    "tp": 0,
    "trailing": 3039,
    "trailing_activated": 3063
  },
  "signals": {
    "long_signals_above_threshold": 42437,
    "no_signal_rows": 17183,
    "short_signals_above_threshold": 45500,
    "total_signal_rows": 105120
  },
  "summary": {
    "avg_duration_candles": 11.423145884270578,
    "avg_duration_minutes": 57.115729421352896,
    "avg_loss_net": -0.37018449166151535,
    "avg_trade_net": -0.1763902060067202,
    "avg_win_net": 0.209497586589176,
    "best_trade_net": 6.469972362779023,
    "expectancy_net": -0.1763902060067202,
    "fees_paid": 447.75692119915294,
    "final_balance": -82.15391385122848,
    "funding_paid": 0.0,
    "long_net_pnl": -768.9601263939647,
    "long_trades": 4336,
    "longest_losing_streak": 30,
    "max_drawdown_pct": 108.21210385989495,
    "max_drawdown_usdt": 1082.55424064736,
    "profit_factor_net": 0.2842109004341056,
    "short_net_pnl": -313.1937874572637,
    "short_trades": 1799,
    "sl_count": 2696,
    "spread_slippage_cost_estimate": 610.5776064185998,
    "timeout_count": 400,
    "total_gross_pnl": -634.3969926520755,
    "total_net_pnl": -1082.1539138512285,
    "tp_count": 0,
    "trades_total": 6135,
    "trailing_count": 3039,
    "turnover_notional": 407187.806330775,
    "win_rate_net": 33.43113284433578,
    "worst_trade_net": -0.8465243811810413
  }
}