{
  "breakdowns": {
    "by_month": {
      "2025-01": {
        "net_pnl": -96.59594385087871,
        "trades": 524,
        "win_rate": 54.58015267175572,
        "wins": 286
      },
      "2025-02": {
        "net_pnl": -82.40174894468494,
        "trades": 450,
        "win_rate": 54.0,
        "wins": 243
      },
      "2025-03": {
        "net_pnl": -85.67666097125844,
        "trades": 597,
        "win_rate": 56.61641541038526,
        "wins": 338
      },
      "2025-04": {
        "net_pnl": -69.45774432141228,
        "trades": 458,
        "win_rate": 56.33187772925764,
        "wins": 258
      },
      "2025-05": {
        "net_pnl": -59.35409025632407,
        "trades": 294,
        "win_rate": 53.06122448979592,
        "wins": 156
      },
      "2025-06": {
        "net_pnl": -50.71804452426711,
        "trades": 234,
        "win_rate": 48.29059829059829,
        "wins": 113
      },
      "2025-07": {
        "net_pnl": -44.14076128198593,
        "trades": 221,
        "win_rate": 53.84615384615385,
        "wins": 119
      },
      "2025-08": {
        "net_pnl": -50.31259133557813,
        "trades": 237,
        "win_rate": 50.63291139240506,
        "wins": 120
      },
      "2025-09": {
        "net_pnl": -28.91053566599654,
        "trades": 147,
        "win_rate": 48.97959183673469,
        "wins": 72
      },
      "2025-10": {
        "net_pnl": -105.52164374048678,
        "trades": 428,
        "win_rate": 49.76635514018692,
        "wins": 213
      },
      "2025-11": {
        "net_pnl": -109.26673903088464,
        "trades": 525,
        "win_rate": 53.52380952380953,
        "wins": 281
      },
      "2025-12": {
        "net_pnl": -69.47049815532844,
        "trades": 402,
        "win_rate": 49.50248756218906,
        "wins": 199
      }
    },
    "by_outcome": {
      "sl": {
        "net_pnl": -1254.1288570586782,
        "trades": 1737
      },
      "timeout": {
        "net_pnl": -110.13480949226626,
        "trades": 477
      },
      "tp": {
        "net_pnl": 118.65235466479193,
        "trades": 122
      },
      "trailing": {
        "net_pnl": 393.7843098070668,
        "trades": 2181
      }
    },
    "by_side": {
      "long": {
        "net_pnl": -582.4330821107379,
        "trades": 3069,
        "win_rate": 53.991528185076575
      },
      "short": {
        "net_pnl": -269.393919968348,
        "trades": 1448,
        "win_rate": 51.17403314917127
      }
    },
    "by_year": {
      "2025": {
        "net_pnl": -851.8270020790891,
        "trades": 4517,
        "win_rate": 53.08833296435688,
        "wins": 2398
      }
    }
  },
  "config": {
    "confidence": 0.3,
    "custom_fee_pct": 0.00055,
    "data_path": "data/normalized/bybit/BTCUSDT/5m/bybit_BTCUSDT_5m_20240101T000500Z_20260425T235500Z.csv",
    "date_end": "2026-01-01T00:00:00Z",
    "date_start": "2025-01-01T00:00:00Z",
    "exit_mode": "atr_trailing",
    "fee_mode": "taker",
    "funding_mode": "none",
    "initial_balance": 1000.0,
    "interval_minutes": 5,
    "look_ahead": 36,
    "maker_fee_pct": 0.0002,
    "model_path": "monster_v4_2.json",
    "order_qty": 0.001,
    "same_candle_policy": "conservative",
    "sl_pct": 0.006,
    "slippage_bps": 2.0,
    "source": "bybit",
    "spread_bps": 2.0,
    "symbol": "BTCUSDT",
    "taker_fee_pct": 0.00055,
    "tp_pct": 0.012,
    "trailing": {
      "activation_pct": 0.004,
      "atr_mult": 1.4,
      "atr_period": 14,
      "keep_fixed_tp": true,
      "min_lock_pct": 0.0015
    }
  },
  "data_quality": {
    "duplicate_timestamps_count": 0,
    "expected_5m_rows": 105120,
    "gaps_first_5": [],
    "missing_candles_count": 0,
    "row_count": 105120,
    "timestamp_max_utc": "2025-12-31T23:55:00+00:00",
    "timestamp_min_utc": "2025-01-01T00:00:00+00:00"
  },
  "generated_at_utc": "2026-04-26T14:46:48.648842+00:00",
  "outcomes": {
    "skipped_no_atr": 0,
    "sl": 1737,
    "timeout": 477,
    "tp": 122,
    "trailing": 2181,
    "trailing_activated": 2296
  },
  "signals": {
    "long_signals_above_threshold": 32480,
    "no_signal_rows": 36619,
    "short_signals_above_threshold": 35734,
    "total_signal_rows": 104833
  },
  "summary": {
    "avg_duration_candles": 13.044055789240646,
    "avg_duration_minutes": 65.22027894620324,
    "avg_loss_net": -0.6507014949435006,
    "avg_trade_net": -0.1885824666989342,
    "avg_win_net": 0.21977041939374137,
    "best_trade_net": 3.0253186448116143,
    "expectancy_net": -0.1885824666989342,
    "fees_paid": 486.80107482038113,
    "final_balance": 148.1729979209142,
    "funding_paid": 0.0,
    "long_net_pnl": -582.4330821107379,
    "long_trades": 3069,
    "longest_losing_streak": 12,
    "max_drawdown_pct": 85.20190357934024,
    "max_drawdown_usdt": 852.0807862786088,
    "profit_factor_net": 0.3822131761228275,
    "short_net_pnl": -269.393919968348,
    "short_trades": 1448,
    "sl_count": 1737,
    "spread_slippage_cost_estimate": 265.52785003807895,
    "timeout_count": 477,
    "total_gross_pnl": -365.02592725870477,
    "total_net_pnl": -851.8270020790858,
    "tp_count": 122,
    "trades_total": 4517,
    "trailing_count": 2181,
    "turnover_notional": 442616.88696849,
    "win_rate_net": 53.08833296435688,
    "worst_trade_net": -0.9298925901490767
  }
}