{
  "breakdowns": {
    "by_month": {
      "2025-01": {
        "net_pnl": -11.90843536204359,
        "trades": 56,
        "win_rate": 33.92857142857143,
        "wins": 19
      },
      "2025-02": {
        "net_pnl": -20.264300947631888,
        "trades": 68,
        "win_rate": 23.52941176470588,
        "wins": 16
      },
      "2025-03": {
        "net_pnl": -20.049753473409083,
        "trades": 87,
        "win_rate": 29.88505747126437,
        "wins": 26
      },
      "2025-04": {
        "net_pnl": -20.343277207758973,
        "trades": 68,
        "win_rate": 25.0,
        "wins": 17
      },
      "2025-05": {
        "net_pnl": -12.40006560879101,
        "trades": 27,
        "win_rate": 18.51851851851852,
        "wins": 5
      },
      "2025-06": {
        "net_pnl": -7.428087338721545,
        "trades": 22,
        "win_rate": 27.27272727272727,
        "wins": 6
      },
      "2025-07": {
        "net_pnl": -7.82460019251969,
        "trades": 31,
        "win_rate": 32.25806451612903,
        "wins": 10
      },
      "2025-08": {
        "net_pnl": -10.15855275333852,
        "trades": 24,
        "win_rate": 25.0,
        "wins": 6
      },
      "2025-09": {
        "net_pnl": -4.644680413028511,
        "trades": 10,
        "win_rate": 10.0,
        "wins": 1
      },
      "2025-10": {
        "net_pnl": -16.717653462039276,
        "trades": 55,
        "win_rate": 29.09090909090909,
        "wins": 16
      },
      "2025-11": {
        "net_pnl": -15.664268584824942,
        "trades": 71,
        "win_rate": 29.577464788732392,
        "wins": 21
      },
      "2025-12": {
        "net_pnl": -10.036097514074445,
        "trades": 44,
        "win_rate": 29.545454545454547,
        "wins": 13
      }
    },
    "by_outcome": {
      "sl": {
        "net_pnl": -247.42654579253895,
        "trades": 335
      },
      "timeout": {
        "net_pnl": -4.16011255280195,
        "trades": 127
      },
      "tp": {
        "net_pnl": 94.14688548715941,
        "trades": 101
      },
      "trailing": {
        "net_pnl": 0.0,
        "trades": 0
      }
    },
    "by_side": {
      "long": {
        "net_pnl": -103.71339267237332,
        "trades": 383,
        "win_rate": 29.242819843342037
      },
      "short": {
        "net_pnl": -53.72638018580816,
        "trades": 180,
        "win_rate": 24.444444444444443
      }
    },
    "by_year": {
      "2025": {
        "net_pnl": -157.4397728581816,
        "trades": 563,
        "win_rate": 27.708703374777976,
        "wins": 156
      }
    }
  },
  "config": {
    "confidence": 0.6,
    "custom_fee_pct": 0.00055,
    "data_path": "data/normalized/bybit/BTCUSDT/5m/bybit_BTCUSDT_5m_20240101T000500Z_20260425T235500Z.csv",
    "date_end": "2026-01-01T00:00:00Z",
    "date_start": "2025-01-01T00:00:00Z",
    "exit_mode": "fixed",
    "fee_mode": "taker",
    "funding_mode": "none",
    "initial_balance": 1000.0,
    "interval_minutes": 5,
    "look_ahead": 36,
    "maker_fee_pct": 0.0002,
    "model_path": "monster_v4_2.json",
    "order_qty": 0.001,
    "same_candle_policy": "conservative",
    "sl_pct": 0.006,
    "slippage_bps": 5.0,
    "source": "bybit",
    "spread_bps": 5.0,
    "symbol": "BTCUSDT",
    "taker_fee_pct": 0.00055,
    "tp_pct": 0.012,
    "trailing": null
  },
  "data_quality": {
    "duplicate_timestamps_count": 0,
    "expected_5m_rows": 105120,
    "gaps_first_5": [],
    "missing_candles_count": 0,
    "row_count": 105120,
    "timestamp_max_utc": "2025-12-31T23:55:00+00:00",
    "timestamp_min_utc": "2025-01-01T00:00:00+00:00"
  },
  "generated_at_utc": "2026-04-26T14:46:30.472975+00:00",
  "outcomes": {
    "skipped_no_atr": 0,
    "sl": 335,
    "timeout": 127,
    "tp": 101,
    "trailing": 0,
    "trailing_activated": 0
  },
  "signals": {
    "long_signals_above_threshold": 1857,
    "no_signal_rows": 101730,
    "short_signals_above_threshold": 1246,
    "total_signal_rows": 104833
  },
  "summary": {
    "avg_duration_candles": 15.849023090586146,
    "avg_duration_minutes": 79.24511545293073,
    "avg_loss_net": -0.6502989787733657,
    "avg_trade_net": -0.2796443567640879,
    "avg_win_net": 0.6873840480934509,
    "best_trade_net": 1.2040202784474603,
    "expectancy_net": -0.2796443567640879,
    "fees_paid": 59.29886114380902,
    "final_balance": 842.5602271418186,
    "funding_paid": 0.0,
    "long_net_pnl": -103.71339267237332,
    "long_trades": 383,
    "longest_losing_streak": 18,
    "max_drawdown_pct": 15.74397728581812,
    "max_drawdown_usdt": 157.4397728581812,
    "profit_factor_net": 0.40515067473714433,
    "short_net_pnl": -53.72638018580816,
    "short_trades": 180,
    "sl_count": 335,
    "spread_slippage_cost_estimate": 80.86207365857219,
    "timeout_count": 127,
    "total_gross_pnl": -98.14091171437246,
    "total_net_pnl": -157.43977285818147,
    "tp_count": 101,
    "trades_total": 563,
    "trailing_count": 0,
    "turnover_notional": 53923.125859175,
    "win_rate_net": 27.708703374777976,
    "worst_trade_net": -0.9630411115330717
  }
}