{
  "breakdowns": {
    "by_month": {
      "2025-01": {
        "net_pnl": -3.3389867076913875,
        "trades": 346,
        "win_rate": 26.589595375722542,
        "wins": 92
      },
      "2025-02": {
        "net_pnl": -3.64374709513614,
        "trades": 521,
        "win_rate": 23.80038387715931,
        "wins": 124
      },
      "2025-03": {
        "net_pnl": -2.6572326923363576,
        "trades": 432,
        "win_rate": 22.22222222222222,
        "wins": 96
      },
      "2025-04": {
        "net_pnl": -1.5779897719504703,
        "trades": 408,
        "win_rate": 26.225490196078432,
        "wins": 107
      },
      "2025-05": {
        "net_pnl": -2.137215613188647,
        "trades": 412,
        "win_rate": 28.398058252427184,
        "wins": 117
      },
      "2025-06": {
        "net_pnl": -1.7201481774455818,
        "trades": 307,
        "win_rate": 32.57328990228013,
        "wins": 100
      },
      "2025-07": {
        "net_pnl": -2.795494383587774,
        "trades": 315,
        "win_rate": 27.936507936507937,
        "wins": 88
      },
      "2025-08": {
        "net_pnl": -4.637661147078303,
        "trades": 342,
        "win_rate": 21.929824561403507,
        "wins": 75
      },
      "2025-09": {
        "net_pnl": -1.7744019479936635,
        "trades": 168,
        "win_rate": 34.523809523809526,
        "wins": 58
      },
      "2025-10": {
        "net_pnl": -3.2567753844772436,
        "trades": 341,
        "win_rate": 26.099706744868033,
        "wins": 89
      },
      "2025-11": {
        "net_pnl": -4.096694835121321,
        "trades": 469,
        "win_rate": 21.535181236673772,
        "wins": 101
      },
      "2025-12": {
        "net_pnl": -2.03662326820752,
        "trades": 297,
        "win_rate": 29.292929292929294,
        "wins": 87
      }
    },
    "by_outcome": {
      "sl": {
        "net_pnl": -46.33626159126162,
        "trades": 2007
      },
      "timeout": {
        "net_pnl": -0.6277418658336145,
        "trades": 58
      },
      "tp": {
        "net_pnl": 0.0,
        "trades": 0
      },
      "trailing": {
        "net_pnl": 13.291032432880828,
        "trades": 2293
      }
    },
    "by_side": {
      "long": {
        "net_pnl": -22.263531453874574,
        "trades": 2903,
        "win_rate": 24.664140544264555
      },
      "short": {
        "net_pnl": -11.409439570339831,
        "trades": 1455,
        "win_rate": 28.728522336769757
      }
    },
    "by_year": {
      "2025": {
        "net_pnl": -33.672971024214355,
        "trades": 4358,
        "win_rate": 26.021110601193207,
        "wins": 1134
      }
    }
  },
  "config": {
    "confidence": 0.51,
    "custom_fee_pct": 0.00055,
    "data_path": "data/normalized/bybit/ETHUSDT/5m/bybit_ETHUSDT_5m_20240101T000500Z_20260425T235500Z.csv",
    "date_end": "2026-01-01T00:00:00Z",
    "date_start": "2025-01-01T00:00:00Z",
    "exit_mode": "atr_trailing",
    "fee_mode": "taker",
    "funding_mode": "none",
    "initial_balance": 1000.0,
    "interval_minutes": 5,
    "look_ahead": 36,
    "maker_fee_pct": 0.0002,
    "model_path": "monster_v4_2.json",
    "order_qty": 0.001,
    "same_candle_policy": "conservative",
    "sl_pct": 0.006,
    "slippage_bps": 5.0,
    "source": "bybit",
    "spread_bps": 5.0,
    "symbol": "ETHUSDT",
    "taker_fee_pct": 0.00055,
    "tp_pct": 0.012,
    "trailing": {
      "activation_pct": 0.004,
      "atr_mult": 1.4,
      "atr_period": 14,
      "keep_fixed_tp": false,
      "min_lock_pct": 0.0015
    }
  },
  "data_quality": {
    "duplicate_timestamps_count": 0,
    "expected_5m_rows": 105120,
    "gaps_first_5": [],
    "missing_candles_count": 0,
    "row_count": 105120,
    "timestamp_max_utc": "2025-12-31T23:55:00+00:00",
    "timestamp_min_utc": "2025-01-01T00:00:00+00:00"
  },
  "generated_at_utc": "2026-04-26T14:53:44.868973+00:00",
  "outcomes": {
    "skipped_no_atr": 0,
    "sl": 2007,
    "timeout": 58,
    "tp": 0,
    "trailing": 2293,
    "trailing_activated": 2295
  },
  "signals": {
    "long_signals_above_threshold": 12914,
    "no_signal_rows": 83938,
    "short_signals_above_threshold": 7981,
    "total_signal_rows": 104833
  },
  "summary": {
    "avg_duration_candles": 6.841670491050941,
    "avg_duration_minutes": 34.208352455254705,
    "avg_loss_net": -0.014925796114724792,
    "avg_trade_net": -0.0077267028508982115,
    "avg_win_net": 0.012740560537617568,
    "best_trade_net": 0.2682826486502502,
    "expectancy_net": -0.0077267028508982115,
    "fees_paid": 14.06849692191104,
    "final_balance": 966.3270289757857,
    "funding_paid": 0.0,
    "long_net_pnl": -22.263531453874574,
    "long_trades": 2903,
    "longest_losing_streak": 23,
    "max_drawdown_pct": 3.3697105005706702,
    "max_drawdown_usdt": 33.697401845974355,
    "profit_factor_net": 0.3002403462848979,
    "short_net_pnl": -11.409439570339831,
    "short_trades": 1455,
    "sl_count": 2007,
    "spread_slippage_cost_estimate": 19.184313748083255,
    "timeout_count": 58,
    "total_gross_pnl": -19.604474102303367,
    "total_net_pnl": -33.672971024214405,
    "tp_count": 0,
    "trades_total": 4358,
    "trailing_count": 2293,
    "turnover_notional": 12792.827107472502,
    "win_rate_net": 26.021110601193207,
    "worst_trade_net": -0.03825480794118596
  }
}