{
  "breakdowns": {
    "by_month": {
      "2025-01": {
        "net_pnl": -0.4310615800000009,
        "trades": 351,
        "win_rate": 33.61823361823362,
        "wins": 118
      },
      "2025-02": {
        "net_pnl": 0.46586479999999697,
        "trades": 504,
        "win_rate": 36.904761904761905,
        "wins": 186
      },
      "2025-03": {
        "net_pnl": 0.1847959399999985,
        "trades": 429,
        "win_rate": 37.76223776223776,
        "wins": 162
      },
      "2025-04": {
        "net_pnl": 0.17520797999999804,
        "trades": 425,
        "win_rate": 36.94117647058823,
        "wins": 157
      },
      "2025-05": {
        "net_pnl": 1.3960120600000034,
        "trades": 392,
        "win_rate": 43.62244897959184,
        "wins": 171
      },
      "2025-06": {
        "net_pnl": 0.2535419400000015,
        "trades": 304,
        "win_rate": 37.5,
        "wins": 114
      },
      "2025-07": {
        "net_pnl": -0.1763681200000065,
        "trades": 313,
        "win_rate": 34.82428115015975,
        "wins": 109
      },
      "2025-08": {
        "net_pnl": -0.5063582200000024,
        "trades": 329,
        "win_rate": 34.34650455927052,
        "wins": 113
      },
      "2025-09": {
        "net_pnl": -0.2456935200000028,
        "trades": 205,
        "win_rate": 38.048780487804876,
        "wins": 78
      },
      "2025-10": {
        "net_pnl": 1.0380468800000024,
        "trades": 348,
        "win_rate": 41.09195402298851,
        "wins": 143
      },
      "2025-11": {
        "net_pnl": 0.43861507999999927,
        "trades": 439,
        "win_rate": 36.674259681093396,
        "wins": 161
      },
      "2025-12": {
        "net_pnl": -0.01730057999999827,
        "trades": 297,
        "win_rate": 36.36363636363637,
        "wins": 108
      }
    },
    "by_outcome": {
      "sl": {
        "net_pnl": -45.29351490000005,
        "trades": 2566
      },
      "timeout": {
        "net_pnl": 3.6197699999999955,
        "trades": 486
      },
      "tp": {
        "net_pnl": 44.24904756000004,
        "trades": 1284
      },
      "trailing": {
        "net_pnl": 0.0,
        "trades": 0
      }
    },
    "by_side": {
      "long": {
        "net_pnl": 0.5168464999999924,
        "trades": 2718,
        "win_rate": 36.791758646063286
      },
      "short": {
        "net_pnl": 2.058456159999997,
        "trades": 1618,
        "win_rate": 38.31891223733004
      }
    },
    "by_year": {
      "2025": {
        "net_pnl": 2.5753026599999895,
        "trades": 4336,
        "win_rate": 37.36162361623616,
        "wins": 1620
      }
    }
  },
  "config": {
    "confidence": 0.45,
    "custom_fee_pct": 0.00055,
    "data_path": "data/normalized/bybit/ETHUSDT/5m/bybit_ETHUSDT_5m_20240101T000500Z_20260425T235500Z.csv",
    "date_end": "2026-01-01T00:00:00Z",
    "date_start": "2025-01-01T00:00:00Z",
    "exit_mode": "fixed",
    "fee_mode": "taker",
    "funding_mode": "none",
    "initial_balance": 1000.0,
    "interval_minutes": 5,
    "look_ahead": 36,
    "maker_fee_pct": 0.0002,
    "model_path": "monster_v4_2.json",
    "order_qty": 0.001,
    "same_candle_policy": "conservative",
    "sl_pct": 0.006,
    "slippage_bps": 0.0,
    "source": "bybit",
    "spread_bps": 0.0,
    "symbol": "ETHUSDT",
    "taker_fee_pct": 0.0,
    "tp_pct": 0.012,
    "trailing": null
  },
  "data_quality": {
    "duplicate_timestamps_count": 0,
    "expected_5m_rows": 105120,
    "gaps_first_5": [],
    "missing_candles_count": 0,
    "row_count": 105120,
    "timestamp_max_utc": "2025-12-31T23:55:00+00:00",
    "timestamp_min_utc": "2025-01-01T00:00:00+00:00"
  },
  "generated_at_utc": "2026-04-26T14:49:58.707207+00:00",
  "outcomes": {
    "skipped_no_atr": 0,
    "sl": 2566,
    "timeout": 486,
    "tp": 1284,
    "trailing": 0,
    "trailing_activated": 0
  },
  "signals": {
    "long_signals_above_threshold": 21705,
    "no_signal_rows": 67991,
    "short_signals_above_threshold": 15137,
    "total_signal_rows": 104833
  },
  "summary": {
    "avg_duration_candles": 12.666743542435425,
    "avg_duration_minutes": 63.333717712177126,
    "avg_loss_net": -0.017007671170839487,
    "avg_trade_net": 0.0005939351153136505,
    "avg_win_net": 0.030103788617283977,
    "best_trade_net": 0.05921496000000025,
    "expectancy_net": 0.0005939351153136505,
    "fees_paid": 0.0,
    "final_balance": 1002.57530266,
    "funding_paid": 0.0,
    "long_net_pnl": 0.5168464999999924,
    "long_trades": 2718,
    "longest_losing_streak": 14,
    "max_drawdown_pct": 0.14455048699857073,
    "max_drawdown_usdt": 1.4497782399993184,
    "profit_factor_net": 1.055751128190662,
    "short_net_pnl": 2.058456159999997,
    "short_trades": 1618,
    "sl_count": 2566,
    "spread_slippage_cost_estimate": 0.0,
    "timeout_count": 486,
    "total_gross_pnl": 2.5753026599999886,
    "total_net_pnl": 2.5753026599999886,
    "tp_count": 1284,
    "trades_total": 4336,
    "trailing_count": 0,
    "turnover_notional": 12771.13642,
    "win_rate_net": 37.36162361623616,
    "worst_trade_net": -0.02911985999999979
  }
}