{
  "breakdowns": {
    "by_month": {
      "2024-01": {
        "net_pnl": -0.28201801851238223,
        "trades": 82,
        "win_rate": 32.926829268292686,
        "wins": 27
      },
      "2024-02": {
        "net_pnl": -0.5977401737563796,
        "trades": 72,
        "win_rate": 27.77777777777778,
        "wins": 20
      },
      "2024-03": {
        "net_pnl": -1.2852859255431563,
        "trades": 166,
        "win_rate": 30.120481927710845,
        "wins": 50
      },
      "2024-04": {
        "net_pnl": -1.0433026751515868,
        "trades": 147,
        "win_rate": 33.33333333333333,
        "wins": 49
      },
      "2024-05": {
        "net_pnl": -0.15693917948056407,
        "trades": 67,
        "win_rate": 37.3134328358209,
        "wins": 25
      },
      "2024-06": {
        "net_pnl": -0.3869519272277804,
        "trades": 37,
        "win_rate": 27.027027027027028,
        "wins": 10
      },
      "2024-07": {
        "net_pnl": -0.9463151280407462,
        "trades": 78,
        "win_rate": 25.64102564102564,
        "wins": 20
      },
      "2024-08": {
        "net_pnl": -1.0393150187906495,
        "trades": 153,
        "win_rate": 28.75816993464052,
        "wins": 44
      },
      "2024-09": {
        "net_pnl": -0.1318397366399094,
        "trades": 68,
        "win_rate": 39.705882352941174,
        "wins": 27
      },
      "2024-10": {
        "net_pnl": -0.5206583664680782,
        "trades": 49,
        "win_rate": 20.408163265306122,
        "wins": 10
      },
      "2024-11": {
        "net_pnl": -1.302032400388324,
        "trades": 135,
        "win_rate": 26.666666666666668,
        "wins": 36
      },
      "2024-12": {
        "net_pnl": -1.4377389196528263,
        "trades": 151,
        "win_rate": 27.81456953642384,
        "wins": 42
      }
    },
    "by_outcome": {
      "sl": {
        "net_pnl": -18.683029737794175,
        "trades": 774
      },
      "timeout": {
        "net_pnl": 0.12034013939427407,
        "trades": 127
      },
      "tp": {
        "net_pnl": 9.43255212874752,
        "trades": 304
      },
      "trailing": {
        "net_pnl": 0.0,
        "trades": 0
      }
    },
    "by_side": {
      "long": {
        "net_pnl": -6.827281896962519,
        "trades": 915,
        "win_rate": 29.94535519125683
      },
      "short": {
        "net_pnl": -2.302855572689864,
        "trades": 290,
        "win_rate": 29.655172413793103
      }
    },
    "by_year": {
      "2024": {
        "net_pnl": -9.130137469652382,
        "trades": 1205,
        "win_rate": 29.87551867219917,
        "wins": 360
      }
    }
  },
  "config": {
    "confidence": 0.6,
    "custom_fee_pct": 0.00055,
    "data_path": "data/normalized/bybit/ETHUSDT/5m/bybit_ETHUSDT_5m_20240101T000500Z_20260425T235500Z.csv",
    "date_end": "2025-01-01T00:00:00Z",
    "date_start": "2024-01-01T00:00:00Z",
    "exit_mode": "fixed",
    "fee_mode": "taker",
    "funding_mode": "none",
    "initial_balance": 1000.0,
    "interval_minutes": 5,
    "look_ahead": 36,
    "maker_fee_pct": 0.0002,
    "model_path": "monster_v4_2.json",
    "order_qty": 0.001,
    "same_candle_policy": "conservative",
    "sl_pct": 0.006,
    "slippage_bps": 5.0,
    "source": "bybit",
    "spread_bps": 5.0,
    "symbol": "ETHUSDT",
    "taker_fee_pct": 0.00055,
    "tp_pct": 0.012,
    "trailing": null
  },
  "data_quality": {
    "duplicate_timestamps_count": 0,
    "expected_5m_rows": 105407,
    "gaps_first_5": [],
    "missing_candles_count": 0,
    "row_count": 105407,
    "timestamp_max_utc": "2024-12-31T23:55:00+00:00",
    "timestamp_min_utc": "2024-01-01T00:05:00+00:00"
  },
  "generated_at_utc": "2026-04-26T14:50:43.237339+00:00",
  "outcomes": {
    "skipped_no_atr": 0,
    "sl": 774,
    "timeout": 127,
    "tp": 304,
    "trailing": 0,
    "trailing_activated": 0
  },
  "signals": {
    "long_signals_above_threshold": 4173,
    "no_signal_rows": 99321,
    "short_signals_above_threshold": 1626,
    "total_signal_rows": 105120
  },
  "summary": {
    "avg_duration_candles": 11.458091286307054,
    "avg_duration_minutes": 57.29045643153527,
    "avg_loss_net": -0.02270537431614161,
    "avg_trade_net": -0.007576877568176251,
    "avg_win_net": 0.027933066187464665,
    "best_trade_net": 0.04095113061450774,
    "expectancy_net": -0.007576877568176251,
    "fees_paid": 4.06559546112111,
    "final_balance": 990.8698625303476,
    "funding_paid": 0.0,
    "long_net_pnl": -6.827281896962519,
    "long_trades": 915,
    "longest_losing_streak": 14,
    "max_drawdown_pct": 0.9134770161694974,
    "max_drawdown_usdt": 9.134770161694973,
    "profit_factor_net": 0.5241260389128036,
    "short_net_pnl": -2.302855572689864,
    "short_trades": 290,
    "sl_count": 774,
    "spread_slippage_cost_estimate": 5.543994080311284,
    "timeout_count": 127,
    "total_gross_pnl": -5.064542008531273,
    "total_net_pnl": -9.130137469652382,
    "tp_count": 304,
    "trades_total": 1205,
    "trailing_count": 0,
    "turnover_notional": 3697.2089760475,
    "win_rate_net": 29.87551867219917,
    "worst_trade_net": -0.032124207107969406
  }
}