{
  "breakdowns": {
    "by_month": {
      "2024-01": {
        "net_pnl": -2.194299780666291,
        "trades": 404,
        "win_rate": 33.663366336633665,
        "wins": 136
      },
      "2024-02": {
        "net_pnl": -2.3793348183825382,
        "trades": 333,
        "win_rate": 36.33633633633634,
        "wins": 121
      },
      "2024-03": {
        "net_pnl": -6.559157034257814,
        "trades": 649,
        "win_rate": 25.731895223420647,
        "wins": 167
      },
      "2024-04": {
        "net_pnl": -4.007225421749831,
        "trades": 537,
        "win_rate": 29.05027932960894,
        "wins": 156
      },
      "2024-05": {
        "net_pnl": -2.916085618237046,
        "trades": 398,
        "win_rate": 35.427135678391956,
        "wins": 141
      },
      "2024-06": {
        "net_pnl": -3.0836790440013733,
        "trades": 282,
        "win_rate": 29.078014184397162,
        "wins": 82
      },
      "2024-07": {
        "net_pnl": -3.5491481300451944,
        "trades": 370,
        "win_rate": 30.0,
        "wins": 111
      },
      "2024-08": {
        "net_pnl": -3.705297092836747,
        "trades": 638,
        "win_rate": 28.84012539184953,
        "wins": 184
      },
      "2024-09": {
        "net_pnl": -2.026409837997567,
        "trades": 367,
        "win_rate": 38.69209809264305,
        "wins": 142
      },
      "2024-10": {
        "net_pnl": -2.9061065252527367,
        "trades": 360,
        "win_rate": 30.277777777777775,
        "wins": 109
      },
      "2024-11": {
        "net_pnl": -5.230787812544278,
        "trades": 609,
        "win_rate": 26.436781609195403,
        "wins": 161
      },
      "2024-12": {
        "net_pnl": -5.297287783854761,
        "trades": 571,
        "win_rate": 27.845884413309985,
        "wins": 159
      }
    },
    "by_outcome": {
      "sl": {
        "net_pnl": -60.975085744063044,
        "trades": 2528
      },
      "timeout": {
        "net_pnl": -1.206463043512725,
        "trades": 141
      },
      "tp": {
        "net_pnl": 7.471788795407003,
        "trades": 244
      },
      "trailing": {
        "net_pnl": 10.854941092342596,
        "trades": 2605
      }
    },
    "by_side": {
      "long": {
        "net_pnl": -27.93410654315901,
        "trades": 3380,
        "win_rate": 29.201183431952664
      },
      "short": {
        "net_pnl": -15.920712356667154,
        "trades": 2138,
        "win_rate": 31.898971000935454
      }
    },
    "by_year": {
      "2024": {
        "net_pnl": -43.85481889982634,
        "trades": 5518,
        "win_rate": 30.246466110909747,
        "wins": 1669
      }
    }
  },
  "config": {
    "confidence": 0.45,
    "custom_fee_pct": 0.00055,
    "data_path": "data/normalized/bybit/ETHUSDT/5m/bybit_ETHUSDT_5m_20240101T000500Z_20260425T235500Z.csv",
    "date_end": "2025-01-01T00:00:00Z",
    "date_start": "2024-01-01T00:00:00Z",
    "exit_mode": "atr_trailing",
    "fee_mode": "taker",
    "funding_mode": "none",
    "initial_balance": 1000.0,
    "interval_minutes": 5,
    "look_ahead": 36,
    "maker_fee_pct": 0.0002,
    "model_path": "monster_v4_2.json",
    "order_qty": 0.001,
    "same_candle_policy": "conservative",
    "sl_pct": 0.006,
    "slippage_bps": 5.0,
    "source": "bybit",
    "spread_bps": 5.0,
    "symbol": "ETHUSDT",
    "taker_fee_pct": 0.00055,
    "tp_pct": 0.012,
    "trailing": {
      "activation_pct": 0.004,
      "atr_mult": 1.4,
      "atr_period": 14,
      "keep_fixed_tp": true,
      "min_lock_pct": 0.0015
    }
  },
  "data_quality": {
    "duplicate_timestamps_count": 0,
    "expected_5m_rows": 105407,
    "gaps_first_5": [],
    "missing_candles_count": 0,
    "row_count": 105407,
    "timestamp_max_utc": "2024-12-31T23:55:00+00:00",
    "timestamp_min_utc": "2024-01-01T00:05:00+00:00"
  },
  "generated_at_utc": "2026-04-26T14:51:39.521755+00:00",
  "outcomes": {
    "skipped_no_atr": 0,
    "sl": 2528,
    "timeout": 141,
    "tp": 244,
    "trailing": 2605,
    "trailing_activated": 2768
  },
  "signals": {
    "long_signals_above_threshold": 19050,
    "no_signal_rows": 71769,
    "short_signals_above_threshold": 14301,
    "total_signal_rows": 105120
  },
  "summary": {
    "avg_duration_candles": 8.295034432765494,
    "avg_duration_minutes": 41.475172163827466,
    "avg_loss_net": -0.0164969654538916,
    "avg_trade_net": -0.007947593131537907,
    "avg_win_net": 0.011768724465070464,
    "best_trade_net": 0.23204243427732532,
    "expectancy_net": -0.007947593131537907,
    "fees_paid": 18.608263222790363,
    "final_balance": 956.1451811001739,
    "funding_paid": 0.0,
    "long_net_pnl": -27.93410654315901,
    "long_trades": 3380,
    "longest_losing_streak": 24,
    "max_drawdown_pct": 4.385752803393091,
    "max_drawdown_usdt": 43.85765229985191,
    "profit_factor_net": 0.309338343594134,
    "short_net_pnl": -15.920712356667154,
    "short_trades": 2138,
    "sl_count": 2528,
    "spread_slippage_cost_estimate": 25.374904466909403,
    "timeout_count": 141,
    "total_gross_pnl": -25.2465556770358,
    "total_net_pnl": -43.85481889982617,
    "tp_count": 244,
    "trades_total": 5518,
    "trailing_count": 2605,
    "turnover_notional": 16920.4988429925,
    "win_rate_net": 30.246466110909747,
    "worst_trade_net": -0.032124207107969406
  }
}