{
  "breakdowns": {
    "by_month": {
      "2024-01": {
        "net_pnl": -1.1236606071879194,
        "trades": 260,
        "win_rate": 35.38461538461539,
        "wins": 92
      },
      "2024-02": {
        "net_pnl": -1.37083556391256,
        "trades": 206,
        "win_rate": 36.89320388349515,
        "wins": 76
      },
      "2024-03": {
        "net_pnl": -4.106687730501693,
        "trades": 444,
        "win_rate": 23.64864864864865,
        "wins": 105
      },
      "2024-04": {
        "net_pnl": -2.299709828735519,
        "trades": 344,
        "win_rate": 30.23255813953488,
        "wins": 104
      },
      "2024-05": {
        "net_pnl": -1.5095138507482566,
        "trades": 250,
        "win_rate": 34.8,
        "wins": 87
      },
      "2024-06": {
        "net_pnl": -1.587438291475425,
        "trades": 147,
        "win_rate": 29.25170068027211,
        "wins": 43
      },
      "2024-07": {
        "net_pnl": -2.4072795233949935,
        "trades": 240,
        "win_rate": 29.583333333333332,
        "wins": 71
      },
      "2024-08": {
        "net_pnl": -2.025530266667276,
        "trades": 430,
        "win_rate": 29.069767441860467,
        "wins": 125
      },
      "2024-09": {
        "net_pnl": -0.9506976709581627,
        "trades": 236,
        "win_rate": 39.83050847457627,
        "wins": 94
      },
      "2024-10": {
        "net_pnl": -1.3293594162286562,
        "trades": 195,
        "win_rate": 35.8974358974359,
        "wins": 70
      },
      "2024-11": {
        "net_pnl": -3.377380729622205,
        "trades": 390,
        "win_rate": 23.846153846153847,
        "wins": 93
      },
      "2024-12": {
        "net_pnl": -3.3111332735458987,
        "trades": 368,
        "win_rate": 25.815217391304344,
        "wins": 95
      }
    },
    "by_outcome": {
      "sl": {
        "net_pnl": -37.33187664315028,
        "trades": 1551
      },
      "timeout": {
        "net_pnl": -0.5187766179323632,
        "trades": 72
      },
      "tp": {
        "net_pnl": 5.527286497667583,
        "trades": 183
      },
      "trailing": {
        "net_pnl": 6.924140010436489,
        "trades": 1704
      }
    },
    "by_side": {
      "long": {
        "net_pnl": -16.687077242776468,
        "trades": 2264,
        "win_rate": 29.019434628975265
      },
      "short": {
        "net_pnl": -8.712149510202105,
        "trades": 1246,
        "win_rate": 31.942215088282506
      }
    },
    "by_year": {
      "2024": {
        "net_pnl": -25.399226752978503,
        "trades": 3510,
        "win_rate": 30.05698005698006,
        "wins": 1055
      }
    }
  },
  "config": {
    "confidence": 0.51,
    "custom_fee_pct": 0.00055,
    "data_path": "data/normalized/bybit/ETHUSDT/5m/bybit_ETHUSDT_5m_20240101T000500Z_20260425T235500Z.csv",
    "date_end": "2025-01-01T00:00:00Z",
    "date_start": "2024-01-01T00:00:00Z",
    "exit_mode": "atr_trailing",
    "fee_mode": "taker",
    "funding_mode": "none",
    "initial_balance": 1000.0,
    "interval_minutes": 5,
    "look_ahead": 36,
    "maker_fee_pct": 0.0002,
    "model_path": "monster_v4_2.json",
    "order_qty": 0.001,
    "same_candle_policy": "conservative",
    "sl_pct": 0.006,
    "slippage_bps": 5.0,
    "source": "bybit",
    "spread_bps": 5.0,
    "symbol": "ETHUSDT",
    "taker_fee_pct": 0.00055,
    "tp_pct": 0.012,
    "trailing": {
      "activation_pct": 0.004,
      "atr_mult": 1.4,
      "atr_period": 14,
      "keep_fixed_tp": true,
      "min_lock_pct": 0.0015
    }
  },
  "data_quality": {
    "duplicate_timestamps_count": 0,
    "expected_5m_rows": 105407,
    "gaps_first_5": [],
    "missing_candles_count": 0,
    "row_count": 105407,
    "timestamp_max_utc": "2024-12-31T23:55:00+00:00",
    "timestamp_min_utc": "2024-01-01T00:05:00+00:00"
  },
  "generated_at_utc": "2026-04-26T14:52:02.881046+00:00",
  "outcomes": {
    "skipped_no_atr": 0,
    "sl": 1551,
    "timeout": 72,
    "tp": 183,
    "trailing": 1704,
    "trailing_activated": 1830
  },
  "signals": {
    "long_signals_above_threshold": 9765,
    "no_signal_rows": 88130,
    "short_signals_above_threshold": 7225,
    "total_signal_rows": 105120
  },
  "summary": {
    "avg_duration_candles": 7.7846153846153845,
    "avg_duration_minutes": 38.92307692307692,
    "avg_loss_net": -0.015798726276010117,
    "avg_trade_net": -0.007236246938170533,
    "avg_win_net": 0.012688764222394563,
    "best_trade_net": 0.23204243427732532,
    "expectancy_net": -0.007236246938170533,
    "fees_paid": 11.801091009055273,
    "final_balance": 974.6007732470214,
    "funding_paid": 0.0,
    "long_net_pnl": -16.687077242776468,
    "long_trades": 2264,
    "longest_losing_streak": 22,
    "max_drawdown_pct": 2.5433321610729793,
    "max_drawdown_usdt": 25.434211386156903,
    "profit_factor_net": 0.34514232158707664,
    "short_net_pnl": -8.712149510202105,
    "short_trades": 1246,
    "sl_count": 1551,
    "spread_slippage_cost_estimate": 16.09239823355199,
    "timeout_count": 72,
    "total_gross_pnl": -13.598135743923297,
    "total_net_pnl": -25.39922675297857,
    "tp_count": 183,
    "trades_total": 3510,
    "trailing_count": 1704,
    "turnover_notional": 10730.537027495,
    "win_rate_net": 30.05698005698006,
    "worst_trade_net": -0.032124207107969406
  }
}