{
  "breakdowns": {
    "by_month": {
      "2025-01": {
        "net_pnl": -6.1075591651712635,
        "trades": 797,
        "win_rate": 51.44291091593476,
        "wins": 410
      },
      "2025-02": {
        "net_pnl": -5.328230709732124,
        "trades": 955,
        "win_rate": 55.183246073298434,
        "wins": 527
      },
      "2025-03": {
        "net_pnl": -3.31081302478335,
        "trades": 866,
        "win_rate": 57.159353348729795,
        "wins": 495
      },
      "2025-04": {
        "net_pnl": -2.2912261022072276,
        "trades": 836,
        "win_rate": 56.57894736842105,
        "wins": 473
      },
      "2025-05": {
        "net_pnl": -3.7467295502020295,
        "trades": 910,
        "win_rate": 57.692307692307686,
        "wins": 525
      },
      "2025-06": {
        "net_pnl": -2.925255668527425,
        "trades": 655,
        "win_rate": 55.72519083969466,
        "wins": 365
      },
      "2025-07": {
        "net_pnl": -4.4523351119781065,
        "trades": 698,
        "win_rate": 55.44412607449857,
        "wins": 387
      },
      "2025-08": {
        "net_pnl": -8.322353739011186,
        "trades": 844,
        "win_rate": 53.672985781990526,
        "wins": 453
      },
      "2025-09": {
        "net_pnl": -4.342762247241879,
        "trades": 472,
        "win_rate": 51.90677966101694,
        "wins": 245
      },
      "2025-10": {
        "net_pnl": -6.15498175483341,
        "trades": 768,
        "win_rate": 54.947916666666664,
        "wins": 422
      },
      "2025-11": {
        "net_pnl": -5.8380399698046475,
        "trades": 876,
        "win_rate": 54.337899543378995,
        "wins": 476
      },
      "2025-12": {
        "net_pnl": -3.7977019471871643,
        "trades": 657,
        "win_rate": 54.64231354642314,
        "wins": 359
      }
    },
    "by_outcome": {
      "sl": {
        "net_pnl": -89.86071073322826,
        "trades": 4014
      },
      "timeout": {
        "net_pnl": -1.3974440026698545,
        "trades": 222
      },
      "tp": {
        "net_pnl": 0.0,
        "trades": 0
      },
      "trailing": {
        "net_pnl": 34.64016574521831,
        "trades": 5098
      }
    },
    "by_side": {
      "long": {
        "net_pnl": -40.379207247020695,
        "trades": 6700,
        "win_rate": 55.35820895522387
      },
      "short": {
        "net_pnl": -16.23878174365911,
        "trades": 2634,
        "win_rate": 54.21412300683372
      }
    },
    "by_year": {
      "2025": {
        "net_pnl": -56.61798899067983,
        "trades": 9334,
        "win_rate": 55.03535461752732,
        "wins": 5137
      }
    }
  },
  "config": {
    "confidence": 0.3,
    "custom_fee_pct": 0.00055,
    "data_path": "data/normalized/bybit/ETHUSDT/5m/bybit_ETHUSDT_5m_20240101T000500Z_20260425T235500Z.csv",
    "date_end": "2026-01-01T00:00:00Z",
    "date_start": "2025-01-01T00:00:00Z",
    "exit_mode": "atr_trailing",
    "fee_mode": "taker",
    "funding_mode": "none",
    "initial_balance": 1000.0,
    "interval_minutes": 5,
    "look_ahead": 36,
    "maker_fee_pct": 0.0002,
    "model_path": "monster_v4_2.json",
    "order_qty": 0.001,
    "same_candle_policy": "conservative",
    "sl_pct": 0.006,
    "slippage_bps": 2.0,
    "source": "bybit",
    "spread_bps": 2.0,
    "symbol": "ETHUSDT",
    "taker_fee_pct": 0.00055,
    "tp_pct": 0.012,
    "trailing": {
      "activation_pct": 0.004,
      "atr_mult": 1.4,
      "atr_period": 14,
      "keep_fixed_tp": false,
      "min_lock_pct": 0.0015
    }
  },
  "data_quality": {
    "duplicate_timestamps_count": 0,
    "expected_5m_rows": 105120,
    "gaps_first_5": [],
    "missing_candles_count": 0,
    "row_count": 105120,
    "timestamp_max_utc": "2025-12-31T23:55:00+00:00",
    "timestamp_min_utc": "2025-01-01T00:00:00+00:00"
  },
  "generated_at_utc": "2026-04-26T14:52:44.849562+00:00",
  "outcomes": {
    "skipped_no_atr": 0,
    "sl": 4014,
    "timeout": 222,
    "tp": 0,
    "trailing": 5098,
    "trailing_activated": 5109
  },
  "signals": {
    "long_signals_above_threshold": 53482,
    "no_signal_rows": -949,
    "short_signals_above_threshold": 52300,
    "total_signal_rows": 104833
  },
  "summary": {
    "avg_duration_candles": 8.48842939790015,
    "avg_duration_minutes": 42.44214698950075,
    "avg_loss_net": -0.021785041885577665,
    "avg_trade_net": -0.006065779836155968,
    "avg_win_net": 0.006777074518802739,
    "best_trade_net": 0.2716255488601005,
    "expectancy_net": -0.006065779836155968,
    "fees_paid": 30.8167937884221,
    "final_balance": 943.3820110093202,
    "funding_paid": 0.0,
    "long_net_pnl": -40.379207247020695,
    "long_trades": 6700,
    "longest_losing_streak": 10,
    "max_drawdown_pct": 5.662292609971166,
    "max_drawdown_usdt": 56.62292609971166,
    "profit_factor_net": 0.38076275306399704,
    "short_net_pnl": -16.23878174365911,
    "short_trades": 2634,
    "sl_count": 4014,
    "spread_slippage_cost_estimate": 16.80915943894514,
    "timeout_count": 222,
    "total_gross_pnl": -25.8011952022577,
    "total_net_pnl": -56.617988990679805,
    "tp_count": 0,
    "trades_total": 9334,
    "trailing_count": 5098,
    "turnover_notional": 28020.814380806,
    "win_rate_net": 55.03535461752732,
    "worst_trade_net": -0.03651654483978148
  }
}