{
  "breakdowns": {
    "by_month": {
      "2024-01": {
        "net_pnl": -0.06753368516529415,
        "trades": 78,
        "win_rate": 43.58974358974359,
        "wins": 34
      },
      "2024-02": {
        "net_pnl": -0.47153072058259404,
        "trades": 71,
        "win_rate": 29.577464788732392,
        "wins": 21
      },
      "2024-03": {
        "net_pnl": -0.7768408746907972,
        "trades": 162,
        "win_rate": 34.5679012345679,
        "wins": 56
      },
      "2024-04": {
        "net_pnl": -0.5202888932921799,
        "trades": 143,
        "win_rate": 37.06293706293706,
        "wins": 53
      },
      "2024-05": {
        "net_pnl": -0.06168429227297638,
        "trades": 68,
        "win_rate": 39.705882352941174,
        "wins": 27
      },
      "2024-06": {
        "net_pnl": -0.3043142231864311,
        "trades": 37,
        "win_rate": 32.432432432432435,
        "wins": 12
      },
      "2024-07": {
        "net_pnl": -0.7209844020647597,
        "trades": 75,
        "win_rate": 28.000000000000004,
        "wins": 21
      },
      "2024-08": {
        "net_pnl": -0.744524319294465,
        "trades": 150,
        "win_rate": 30.0,
        "wins": 45
      },
      "2024-09": {
        "net_pnl": 0.04738693145998582,
        "trades": 70,
        "win_rate": 44.285714285714285,
        "wins": 31
      },
      "2024-10": {
        "net_pnl": -0.4253487738013159,
        "trades": 49,
        "win_rate": 24.489795918367346,
        "wins": 12
      },
      "2024-11": {
        "net_pnl": -0.9584830460915793,
        "trades": 133,
        "win_rate": 28.57142857142857,
        "wins": 38
      },
      "2024-12": {
        "net_pnl": -1.0823897061807757,
        "trades": 150,
        "win_rate": 30.0,
        "wins": 45
      },
      "2025-01": {
        "net_pnl": -0.6826009167731588,
        "trades": 112,
        "win_rate": 31.25,
        "wins": 35
      },
      "2025-02": {
        "net_pnl": -0.8569957169641088,
        "trades": 193,
        "win_rate": 31.606217616580313,
        "wins": 61
      },
      "2025-03": {
        "net_pnl": -0.49330233329310313,
        "trades": 160,
        "win_rate": 33.75,
        "wins": 54
      },
      "2025-04": {
        "net_pnl": -0.38450546429745003,
        "trades": 165,
        "win_rate": 34.54545454545455,
        "wins": 57
      },
      "2025-05": {
        "net_pnl": 0.05585223234750047,
        "trades": 125,
        "win_rate": 43.2,
        "wins": 54
      },
      "2025-06": {
        "net_pnl": -0.3998915625919306,
        "trades": 119,
        "win_rate": 34.45378151260504,
        "wins": 41
      },
      "2025-07": {
        "net_pnl": -0.462843080520435,
        "trades": 98,
        "win_rate": 37.755102040816325,
        "wins": 37
      },
      "2025-08": {
        "net_pnl": -0.9492498846786279,
        "trades": 113,
        "win_rate": 32.743362831858406,
        "wins": 37
      },
      "2025-09": {
        "net_pnl": -0.47751586031530013,
        "trades": 52,
        "win_rate": 30.76923076923077,
        "wins": 16
      },
      "2025-10": {
        "net_pnl": -0.45937308833521406,
        "trades": 118,
        "win_rate": 37.28813559322034,
        "wins": 44
      },
      "2025-11": {
        "net_pnl": -0.9985036531623585,
        "trades": 199,
        "win_rate": 32.663316582914575,
        "wins": 65
      },
      "2025-12": {
        "net_pnl": -0.532125695004758,
        "trades": 109,
        "win_rate": 35.77981651376147,
        "wins": 39
      },
      "2026-01": {
        "net_pnl": -0.28233887740692704,
        "trades": 95,
        "win_rate": 37.89473684210527,
        "wins": 36
      },
      "2026-02": {
        "net_pnl": -0.5537828644353713,
        "trades": 215,
        "win_rate": 33.95348837209302,
        "wins": 73
      },
      "2026-03": {
        "net_pnl": -0.1835877157118546,
        "trades": 98,
        "win_rate": 35.714285714285715,
        "wins": 35
      },
      "2026-04": {
        "net_pnl": -0.3383801140655626,
        "trades": 58,
        "win_rate": 27.586206896551722,
        "wins": 16
      }
    },
    "by_outcome": {
      "sl": {
        "net_pnl": -42.14120174426603,
        "trades": 1989
      },
      "timeout": {
        "net_pnl": 0.8375797271087718,
        "trades": 308
      },
      "tp": {
        "net_pnl": 27.217941416785415,
        "trades": 918
      },
      "trailing": {
        "net_pnl": 0.0,
        "trades": 0
      }
    },
    "by_side": {
      "long": {
        "net_pnl": -10.834778506269608,
        "trades": 2491,
        "win_rate": 33.76154154957848
      },
      "short": {
        "net_pnl": -3.250902094102235,
        "trades": 724,
        "win_rate": 35.0828729281768
      }
    },
    "by_year": {
      "2024": {
        "net_pnl": -6.08653600516317,
        "trades": 1186,
        "win_rate": 33.305227655986506,
        "wins": 395
      },
      "2025": {
        "net_pnl": -6.641055023588952,
        "trades": 1563,
        "win_rate": 34.548944337811896,
        "wins": 540
      },
      "2026": {
        "net_pnl": -1.3580895716197148,
        "trades": 466,
        "win_rate": 34.33476394849785,
        "wins": 160
      }
    }
  },
  "config": {
    "confidence": 0.6,
    "custom_fee_pct": 0.00055,
    "data_path": "data/normalized/bybit/ETHUSDT/5m/bybit_ETHUSDT_5m_20240101T000500Z_20260425T235500Z.csv",
    "date_end": null,
    "date_start": null,
    "exit_mode": "fixed",
    "fee_mode": "taker",
    "funding_mode": "none",
    "initial_balance": 1000.0,
    "interval_minutes": 5,
    "look_ahead": 36,
    "maker_fee_pct": 0.0002,
    "model_path": "monster_v4_2.json",
    "order_qty": 0.001,
    "same_candle_policy": "conservative",
    "sl_pct": 0.006,
    "slippage_bps": 2.0,
    "source": "bybit",
    "spread_bps": 2.0,
    "symbol": "ETHUSDT",
    "taker_fee_pct": 0.00055,
    "tp_pct": 0.012,
    "trailing": null
  },
  "data_quality": {
    "duplicate_timestamps_count": 0,
    "expected_5m_rows": 243647,
    "gaps_first_5": [],
    "missing_candles_count": 0,
    "row_count": 243647,
    "timestamp_max_utc": "2026-04-25T23:55:00+00:00",
    "timestamp_min_utc": "2024-01-01T00:05:00+00:00"
  },
  "generated_at_utc": "2026-04-26T14:50:36.544609+00:00",
  "outcomes": {
    "skipped_no_atr": 0,
    "sl": 1989,
    "timeout": 308,
    "tp": 918,
    "trailing": 0,
    "trailing_activated": 0
  },
  "signals": {
    "long_signals_above_threshold": 12135,
    "no_signal_rows": 227210,
    "short_signals_above_threshold": 4015,
    "total_signal_rows": 243360
  },
  "summary": {
    "avg_duration_candles": 11.284292379471228,
    "avg_duration_minutes": 56.42146189735614,
    "avg_loss_net": -0.020334948100935682,
    "avg_trade_net": -0.004381238133863714,
    "avg_win_net": 0.026506309930239096,
    "best_trade_net": 0.05090016270774137,
    "expectancy_net": -0.004381238133863714,
    "fees_paid": 10.110232720069025,
    "final_balance": 985.9143193996282,
    "funding_paid": 0.0,
    "long_net_pnl": -10.834778506269608,
    "long_trades": 2491,
    "longest_losing_streak": 16,
    "max_drawdown_pct": 1.4153374256618827,
    "max_drawdown_usdt": 14.15434610520731,
    "profit_factor_net": 0.6732625561934027,
    "short_net_pnl": -3.250902094102235,
    "short_trades": 724,
    "sl_count": 1989,
    "spread_slippage_cost_estimate": 5.5146725312945435,
    "timeout_count": 308,
    "total_gross_pnl": -3.9754478803028164,
    "total_net_pnl": -14.085680600371841,
    "tp_count": 918,
    "trades_total": 3215,
    "trailing_count": 0,
    "turnover_notional": 9192.260982204,
    "win_rate_net": 34.05909797822706,
    "worst_trade_net": -0.03611318891576101
  }
}