{
  "breakdowns": {
    "by_month": {
      "2024-01": {
        "net_pnl": -0.13989721343229716,
        "trades": 102,
        "win_rate": 67.64705882352942,
        "wins": 69
      },
      "2024-02": {
        "net_pnl": -0.6489637742119356,
        "trades": 88,
        "win_rate": 50.0,
        "wins": 44
      },
      "2024-03": {
        "net_pnl": -1.2566955468417311,
        "trades": 206,
        "win_rate": 56.310679611650485,
        "wins": 116
      },
      "2024-04": {
        "net_pnl": -0.6773795762924009,
        "trades": 169,
        "win_rate": 57.396449704142015,
        "wins": 97
      },
      "2024-05": {
        "net_pnl": -0.2543976993367691,
        "trades": 80,
        "win_rate": 62.5,
        "wins": 50
      },
      "2024-06": {
        "net_pnl": -0.31311562707637586,
        "trades": 45,
        "win_rate": 57.77777777777777,
        "wins": 26
      },
      "2024-07": {
        "net_pnl": -0.8560643793354777,
        "trades": 105,
        "win_rate": 49.523809523809526,
        "wins": 52
      },
      "2024-08": {
        "net_pnl": -0.9352613182156703,
        "trades": 188,
        "win_rate": 50.0,
        "wins": 94
      },
      "2024-09": {
        "net_pnl": -0.14463106506438714,
        "trades": 81,
        "win_rate": 58.0246913580247,
        "wins": 47
      },
      "2024-10": {
        "net_pnl": -0.4517411873903777,
        "trades": 55,
        "win_rate": 40.0,
        "wins": 22
      },
      "2024-11": {
        "net_pnl": -1.37046526129868,
        "trades": 167,
        "win_rate": 51.49700598802395,
        "wins": 86
      },
      "2024-12": {
        "net_pnl": -1.5505569562815003,
        "trades": 171,
        "win_rate": 49.122807017543856,
        "wins": 84
      }
    },
    "by_outcome": {
      "sl": {
        "net_pnl": -14.723701844889025,
        "trades": 650
      },
      "timeout": {
        "net_pnl": -0.14968810983139114,
        "trades": 25
      },
      "tp": {
        "net_pnl": 0.0,
        "trades": 0
      },
      "trailing": {
        "net_pnl": 6.274220349942812,
        "trades": 782
      }
    },
    "by_side": {
      "long": {
        "net_pnl": -6.592188128388224,
        "trades": 1107,
        "win_rate": 53.929539295392956
      },
      "short": {
        "net_pnl": -2.006981476389379,
        "trades": 350,
        "win_rate": 54.285714285714285
      }
    },
    "by_year": {
      "2024": {
        "net_pnl": -8.599169604777611,
        "trades": 1457,
        "win_rate": 54.015099519560735,
        "wins": 787
      }
    }
  },
  "config": {
    "confidence": 0.6,
    "custom_fee_pct": 0.00055,
    "data_path": "data/normalized/bybit/ETHUSDT/5m/bybit_ETHUSDT_5m_20240101T000500Z_20260425T235500Z.csv",
    "date_end": "2025-01-01T00:00:00Z",
    "date_start": "2024-01-01T00:00:00Z",
    "exit_mode": "atr_trailing",
    "fee_mode": "taker",
    "funding_mode": "none",
    "initial_balance": 1000.0,
    "interval_minutes": 5,
    "look_ahead": 36,
    "maker_fee_pct": 0.0002,
    "model_path": "monster_v4_2.json",
    "order_qty": 0.001,
    "same_candle_policy": "conservative",
    "sl_pct": 0.006,
    "slippage_bps": 2.0,
    "source": "bybit",
    "spread_bps": 2.0,
    "symbol": "ETHUSDT",
    "taker_fee_pct": 0.00055,
    "tp_pct": 0.012,
    "trailing": {
      "activation_pct": 0.004,
      "atr_mult": 1.4,
      "atr_period": 14,
      "keep_fixed_tp": false,
      "min_lock_pct": 0.0015
    }
  },
  "data_quality": {
    "duplicate_timestamps_count": 0,
    "expected_5m_rows": 105407,
    "gaps_first_5": [],
    "missing_candles_count": 0,
    "row_count": 105407,
    "timestamp_max_utc": "2024-12-31T23:55:00+00:00",
    "timestamp_min_utc": "2024-01-01T00:05:00+00:00"
  },
  "generated_at_utc": "2026-04-26T14:53:56.753594+00:00",
  "outcomes": {
    "skipped_no_atr": 0,
    "sl": 650,
    "timeout": 25,
    "tp": 0,
    "trailing": 782,
    "trailing_activated": 784
  },
  "signals": {
    "long_signals_above_threshold": 4173,
    "no_signal_rows": 99321,
    "short_signals_above_threshold": 1626,
    "total_signal_rows": 105120
  },
  "summary": {
    "avg_duration_candles": 7.22923816060398,
    "avg_duration_minutes": 36.146190803019906,
    "avg_loss_net": -0.022236257380902562,
    "avg_trade_net": -0.005901969529703228,
    "avg_win_net": 0.008003968031038264,
    "best_trade_net": 0.1351634167369798,
    "expectancy_net": -0.005901969529703228,
    "fees_paid": 4.91695852678242,
    "final_balance": 991.4008303952224,
    "funding_paid": 0.0,
    "long_net_pnl": -6.592188128388224,
    "long_trades": 1107,
    "longest_losing_streak": 9,
    "max_drawdown_pct": 0.8661691543550812,
    "max_drawdown_usdt": 8.662159431265763,
    "profit_factor_net": 0.4228083764360928,
    "short_net_pnl": -2.006981476389379,
    "short_trades": 350,
    "sl_count": 650,
    "spread_slippage_cost_estimate": 2.6819772882236115,
    "timeout_count": 25,
    "total_gross_pnl": -3.682211077995184,
    "total_net_pnl": -8.599169604777604,
    "tp_count": 0,
    "trades_total": 1457,
    "trailing_count": 782,
    "turnover_notional": 4470.982109557,
    "win_rate_net": 54.015099519560735,
    "worst_trade_net": -0.030247108189822385
  }
}