{
  "breakdowns": {
    "by_month": {
      "2025-01": {
        "net_pnl": -3.3002240769652658,
        "trades": 359,
        "win_rate": 28.133704735376046,
        "wins": 101
      },
      "2025-02": {
        "net_pnl": -2.911890556023845,
        "trades": 517,
        "win_rate": 31.721470019342355,
        "wins": 164
      },
      "2025-03": {
        "net_pnl": -2.251744644943605,
        "trades": 452,
        "win_rate": 30.53097345132743,
        "wins": 138
      },
      "2025-04": {
        "net_pnl": -1.6919268901785254,
        "trades": 443,
        "win_rate": 30.699774266365687,
        "wins": 136
      },
      "2025-05": {
        "net_pnl": -1.3221433955230129,
        "trades": 419,
        "win_rate": 37.23150357995227,
        "wins": 156
      },
      "2025-06": {
        "net_pnl": -1.7182423281203645,
        "trades": 321,
        "win_rate": 33.021806853582554,
        "wins": 106
      },
      "2025-07": {
        "net_pnl": -3.026595911539236,
        "trades": 330,
        "win_rate": 29.393939393939394,
        "wins": 97
      },
      "2025-08": {
        "net_pnl": -3.9642805022634744,
        "trades": 345,
        "win_rate": 30.434782608695656,
        "wins": 105
      },
      "2025-09": {
        "net_pnl": -2.461374092433826,
        "trades": 214,
        "win_rate": 29.906542056074763,
        "wins": 64
      },
      "2025-10": {
        "net_pnl": -3.373900235641604,
        "trades": 370,
        "win_rate": 31.08108108108108,
        "wins": 115
      },
      "2025-11": {
        "net_pnl": -4.073384803113122,
        "trades": 472,
        "win_rate": 28.8135593220339,
        "wins": 136
      },
      "2025-12": {
        "net_pnl": -2.3225760728447504,
        "trades": 311,
        "win_rate": 30.54662379421222,
        "wins": 95
      }
    },
    "by_outcome": {
      "sl": {
        "net_pnl": -67.62389557412152,
        "trades": 2922
      },
      "timeout": {
        "net_pnl": 0.6918317231635612,
        "trades": 449
      },
      "tp": {
        "net_pnl": 34.51378034136732,
        "trades": 1182
      },
      "trailing": {
        "net_pnl": 0.0,
        "trades": 0
      }
    },
    "by_side": {
      "long": {
        "net_pnl": -21.19775659288688,
        "trades": 2847,
        "win_rate": 30.59360730593607
      },
      "short": {
        "net_pnl": -11.22052691670375,
        "trades": 1706,
        "win_rate": 31.770222743259087
      }
    },
    "by_year": {
      "2025": {
        "net_pnl": -32.41828350959068,
        "trades": 4553,
        "win_rate": 31.03448275862069,
        "wins": 1413
      }
    }
  },
  "config": {
    "confidence": 0.45,
    "custom_fee_pct": 0.00055,
    "data_path": "data/normalized/bybit/ETHUSDT/5m/bybit_ETHUSDT_5m_20240101T000500Z_20260425T235500Z.csv",
    "date_end": "2026-01-01T00:00:00Z",
    "date_start": "2025-01-01T00:00:00Z",
    "exit_mode": "fixed",
    "fee_mode": "taker",
    "funding_mode": "none",
    "initial_balance": 1000.0,
    "interval_minutes": 5,
    "look_ahead": 36,
    "maker_fee_pct": 0.0002,
    "model_path": "monster_v4_2.json",
    "order_qty": 0.001,
    "same_candle_policy": "conservative",
    "sl_pct": 0.006,
    "slippage_bps": 5.0,
    "source": "bybit",
    "spread_bps": 5.0,
    "symbol": "ETHUSDT",
    "taker_fee_pct": 0.00055,
    "tp_pct": 0.012,
    "trailing": null
  },
  "data_quality": {
    "duplicate_timestamps_count": 0,
    "expected_5m_rows": 105120,
    "gaps_first_5": [],
    "missing_candles_count": 0,
    "row_count": 105120,
    "timestamp_max_utc": "2025-12-31T23:55:00+00:00",
    "timestamp_min_utc": "2025-01-01T00:00:00+00:00"
  },
  "generated_at_utc": "2026-04-26T14:50:10.705733+00:00",
  "outcomes": {
    "skipped_no_atr": 0,
    "sl": 2922,
    "timeout": 449,
    "tp": 1182,
    "trailing": 0,
    "trailing_activated": 0
  },
  "signals": {
    "long_signals_above_threshold": 21705,
    "no_signal_rows": 67991,
    "short_signals_above_threshold": 15137,
    "total_signal_rows": 104833
  },
  "summary": {
    "avg_duration_candles": 11.825609488249507,
    "avg_duration_minutes": 59.12804744124753,
    "avg_loss_net": -0.02212284588528892,
    "avg_trade_net": -0.007120202835403171,
    "avg_win_net": 0.026219003942120737,
    "best_trade_net": 0.05012333464340054,
    "expectancy_net": -0.007120202835403171,
    "fees_paid": 14.766188515341586,
    "final_balance": 967.5817164904093,
    "funding_paid": 0.0,
    "long_net_pnl": -21.19775659288688,
    "long_trades": 2847,
    "longest_losing_streak": 21,
    "max_drawdown_pct": 3.243254607492502,
    "max_drawdown_usdt": 32.433024151471955,
    "profit_factor_net": 0.5333198014004175,
    "short_net_pnl": -11.22052691670375,
    "short_trades": 1706,
    "sl_count": 2922,
    "spread_slippage_cost_estimate": 20.13571300886388,
    "timeout_count": 449,
    "total_gross_pnl": -17.652094994249044,
    "total_net_pnl": -32.41828350959064,
    "tp_count": 1182,
    "trades_total": 4553,
    "trailing_count": 0,
    "turnover_notional": 13427.1060546075,
    "win_rate_net": 31.03448275862069,
    "worst_trade_net": -0.03810974955532723
  }
}