{
  "breakdowns": {
    "by_month": {
      "2024-01": {
        "net_pnl": 0.5433889800000045,
        "trades": 344,
        "win_rate": 44.47674418604651,
        "wins": 153
      },
      "2024-02": {
        "net_pnl": 0.5485512200000001,
        "trades": 300,
        "win_rate": 44.333333333333336,
        "wins": 133
      },
      "2024-03": {
        "net_pnl": 0.5223672799999917,
        "trades": 565,
        "win_rate": 38.05309734513274,
        "wins": 215
      },
      "2024-04": {
        "net_pnl": 0.47521757999999836,
        "trades": 490,
        "win_rate": 38.163265306122454,
        "wins": 187
      },
      "2024-05": {
        "net_pnl": 0.20350371999999356,
        "trades": 401,
        "win_rate": 41.39650872817955,
        "wins": 166
      },
      "2024-06": {
        "net_pnl": 0.026677439999999927,
        "trades": 254,
        "win_rate": 42.125984251968504,
        "wins": 107
      },
      "2024-07": {
        "net_pnl": 0.08365780000000422,
        "trades": 383,
        "win_rate": 40.469973890339425,
        "wins": 155
      },
      "2024-08": {
        "net_pnl": 0.09628360000000447,
        "trades": 575,
        "win_rate": 37.391304347826086,
        "wins": 215
      },
      "2024-09": {
        "net_pnl": 0.6220525200000031,
        "trades": 347,
        "win_rate": 44.09221902017291,
        "wins": 153
      },
      "2024-10": {
        "net_pnl": -0.28075564000000547,
        "trades": 337,
        "win_rate": 38.87240356083086,
        "wins": 131
      },
      "2024-11": {
        "net_pnl": -0.2921539399999951,
        "trades": 548,
        "win_rate": 34.48905109489051,
        "wins": 189
      },
      "2024-12": {
        "net_pnl": -0.8565960000000077,
        "trades": 507,
        "win_rate": 35.700197238658774,
        "wins": 181
      },
      "2025-01": {
        "net_pnl": -1.374752900000001,
        "trades": 518,
        "win_rate": 33.204633204633204,
        "wins": 172
      },
      "2025-02": {
        "net_pnl": -0.29639187999999855,
        "trades": 635,
        "win_rate": 34.645669291338585,
        "wins": 220
      },
      "2025-03": {
        "net_pnl": 0.20915216000000122,
        "trades": 568,
        "win_rate": 38.556338028169016,
        "wins": 219
      },
      "2025-04": {
        "net_pnl": -0.13313396000000094,
        "trades": 571,
        "win_rate": 35.72679509632224,
        "wins": 204
      },
      "2025-05": {
        "net_pnl": 0.6847768199999956,
        "trades": 556,
        "win_rate": 39.38848920863309,
        "wins": 219
      },
      "2025-06": {
        "net_pnl": -0.05772733999999612,
        "trades": 412,
        "win_rate": 37.62135922330097,
        "wins": 155
      },
      "2025-07": {
        "net_pnl": -0.1303632200000058,
        "trades": 440,
        "win_rate": 37.5,
        "wins": 165
      },
      "2025-08": {
        "net_pnl": -0.7339970199999889,
        "trades": 488,
        "win_rate": 35.24590163934426,
        "wins": 172
      },
      "2025-09": {
        "net_pnl": -0.1630278599999991,
        "trades": 315,
        "win_rate": 39.682539682539684,
        "wins": 125
      },
      "2025-10": {
        "net_pnl": -0.21130185999999718,
        "trades": 486,
        "win_rate": 36.62551440329218,
        "wins": 178
      },
      "2025-11": {
        "net_pnl": -0.630810980000002,
        "trades": 559,
        "win_rate": 34.52593917710197,
        "wins": 193
      },
      "2025-12": {
        "net_pnl": 0.5263695200000041,
        "trades": 408,
        "win_rate": 41.66666666666667,
        "wins": 170
      },
      "2026-01": {
        "net_pnl": 0.10987900000000214,
        "trades": 352,
        "win_rate": 41.19318181818182,
        "wins": 145
      },
      "2026-02": {
        "net_pnl": -0.3383308600000017,
        "trades": 670,
        "win_rate": 34.626865671641795,
        "wins": 232
      },
      "2026-03": {
        "net_pnl": 0.6042320400000006,
        "trades": 469,
        "win_rate": 41.57782515991471,
        "wins": 195
      },
      "2026-04": {
        "net_pnl": 0.6436108000000038,
        "trades": 266,
        "win_rate": 46.616541353383454,
        "wins": 124
      }
    },
    "by_outcome": {
      "sl": {
        "net_pnl": -128.3050205400001,
        "trades": 7310
      },
      "timeout": {
        "net_pnl": 16.30853000000002,
        "trades": 2175
      },
      "tp": {
        "net_pnl": 112.3968675600001,
        "trades": 3279
      },
      "trailing": {
        "net_pnl": 0.0,
        "trades": 0
      }
    },
    "by_side": {
      "long": {
        "net_pnl": -1.7946630600000013,
        "trades": 9321,
        "win_rate": 37.313592962128524
      },
      "short": {
        "net_pnl": 2.1950400800000103,
        "trades": 3443,
        "win_rate": 40.51699099622422
      }
    },
    "by_year": {
      "2024": {
        "net_pnl": 1.6921945599999848,
        "trades": 5051,
        "win_rate": 39.299148683429024,
        "wins": 1985
      },
      "2025": {
        "net_pnl": -2.311208519999992,
        "trades": 5956,
        "win_rate": 36.803223640026864,
        "wins": 2192
      },
      "2026": {
        "net_pnl": 1.0193909800000058,
        "trades": 1757,
        "win_rate": 39.6129766647695,
        "wins": 696
      }
    }
  },
  "config": {
    "confidence": 0.3,
    "custom_fee_pct": 0.00055,
    "data_path": "data/normalized/bybit/ETHUSDT/5m/bybit_ETHUSDT_5m_20240101T000500Z_20260425T235500Z.csv",
    "date_end": null,
    "date_start": null,
    "exit_mode": "fixed",
    "fee_mode": "taker",
    "funding_mode": "none",
    "initial_balance": 1000.0,
    "interval_minutes": 5,
    "look_ahead": 36,
    "maker_fee_pct": 0.0002,
    "model_path": "monster_v4_2.json",
    "order_qty": 0.001,
    "same_candle_policy": "conservative",
    "sl_pct": 0.006,
    "slippage_bps": 0.0,
    "source": "bybit",
    "spread_bps": 0.0,
    "symbol": "ETHUSDT",
    "taker_fee_pct": 0.0,
    "tp_pct": 0.012,
    "trailing": null
  },
  "data_quality": {
    "duplicate_timestamps_count": 0,
    "expected_5m_rows": 243647,
    "gaps_first_5": [],
    "missing_candles_count": 0,
    "row_count": 243647,
    "timestamp_max_utc": "2026-04-25T23:55:00+00:00",
    "timestamp_min_utc": "2024-01-01T00:05:00+00:00"
  },
  "generated_at_utc": "2026-04-26T14:49:38.047265+00:00",
  "outcomes": {
    "skipped_no_atr": 0,
    "sl": 7310,
    "timeout": 2175,
    "tp": 3279,
    "trailing": 0,
    "trailing_activated": 0
  },
  "signals": {
    "long_signals_above_threshold": 119055,
    "no_signal_rows": 4583,
    "short_signals_above_threshold": 119722,
    "total_signal_rows": 243360
  },
  "summary": {
    "avg_duration_candles": 14.943669696020056,
    "avg_duration_minutes": 74.71834848010027,
    "avg_loss_net": -0.01667306305157776,
    "avg_trade_net": 3.13676762770299e-05,
    "avg_win_net": 0.027081370318079237,
    "best_trade_net": 0.057958679999999735,
    "expectancy_net": 3.13676762770299e-05,
    "fees_paid": 0.0,
    "final_balance": 1000.4003770200001,
    "funding_paid": 0.0,
    "long_net_pnl": -1.7946630600000013,
    "long_trades": 9321,
    "longest_losing_streak": 18,
    "max_drawdown_pct": 0.4519159004796308,
    "max_drawdown_usdt": 4.5334320599992,
    "profit_factor_net": 1.00304313841858,
    "short_net_pnl": 2.1950400800000103,
    "short_trades": 3443,
    "sl_count": 7310,
    "spread_slippage_cost_estimate": 0.0,
    "timeout_count": 2175,
    "total_gross_pnl": 0.40037702000000963,
    "total_net_pnl": 0.40037702000000963,
    "tp_count": 3279,
    "trades_total": 12764,
    "trailing_count": 0,
    "turnover_notional": 37244.02776,
    "win_rate_net": 38.177687245377626,
    "worst_trade_net": -0.02941193999999996
  }
}