{
  "breakdowns": {
    "by_month": {
      "2024-01": {
        "net_pnl": 0.3319102050000002,
        "trades": 100,
        "win_rate": 75.0,
        "wins": 75
      },
      "2024-02": {
        "net_pnl": -0.21444570499999926,
        "trades": 88,
        "win_rate": 52.27272727272727,
        "wins": 46
      },
      "2024-03": {
        "net_pnl": -0.09937142499999889,
        "trades": 208,
        "win_rate": 58.17307692307693,
        "wins": 121
      },
      "2024-04": {
        "net_pnl": 0.21953863999999623,
        "trades": 167,
        "win_rate": 59.88023952095808,
        "wins": 100
      },
      "2024-05": {
        "net_pnl": 0.177332380000004,
        "trades": 79,
        "win_rate": 65.82278481012658,
        "wins": 52
      },
      "2024-06": {
        "net_pnl": -0.041230570000000175,
        "trades": 45,
        "win_rate": 60.0,
        "wins": 27
      },
      "2024-07": {
        "net_pnl": -0.28575692999999963,
        "trades": 105,
        "win_rate": 52.38095238095239,
        "wins": 55
      },
      "2024-08": {
        "net_pnl": -0.15969443999999886,
        "trades": 187,
        "win_rate": 51.87165775401069,
        "wins": 97
      },
      "2024-09": {
        "net_pnl": 0.15697874000000098,
        "trades": 82,
        "win_rate": 59.756097560975604,
        "wins": 49
      },
      "2024-10": {
        "net_pnl": -0.1761762100000005,
        "trades": 52,
        "win_rate": 48.07692307692308,
        "wins": 25
      },
      "2024-11": {
        "net_pnl": -0.5572545199999959,
        "trades": 166,
        "win_rate": 52.40963855421686,
        "wins": 87
      },
      "2024-12": {
        "net_pnl": -0.41311138500000105,
        "trades": 167,
        "win_rate": 54.49101796407185,
        "wins": 91
      }
    },
    "by_outcome": {
      "sl": {
        "net_pnl": -11.156623260000002,
        "trades": 606
      },
      "timeout": {
        "net_pnl": -0.010809999999998581,
        "trades": 25
      },
      "tp": {
        "net_pnl": 0.0,
        "trades": 0
      },
      "trailing": {
        "net_pnl": 10.106152040000007,
        "trades": 815
      }
    },
    "by_side": {
      "long": {
        "net_pnl": -0.9238038549999937,
        "trades": 1100,
        "win_rate": 56.63636363636364
      },
      "short": {
        "net_pnl": -0.13747736499999974,
        "trades": 346,
        "win_rate": 58.38150289017341
      }
    },
    "by_year": {
      "2024": {
        "net_pnl": -1.061281219999993,
        "trades": 1446,
        "win_rate": 57.05394190871369,
        "wins": 825
      }
    }
  },
  "config": {
    "confidence": 0.6,
    "custom_fee_pct": 0.00055,
    "data_path": "data/normalized/bybit/ETHUSDT/5m/bybit_ETHUSDT_5m_20240101T000500Z_20260425T235500Z.csv",
    "date_end": "2025-01-01T00:00:00Z",
    "date_start": "2024-01-01T00:00:00Z",
    "exit_mode": "atr_trailing",
    "fee_mode": "taker",
    "funding_mode": "none",
    "initial_balance": 1000.0,
    "interval_minutes": 5,
    "look_ahead": 36,
    "maker_fee_pct": 0.0002,
    "model_path": "monster_v4_2.json",
    "order_qty": 0.001,
    "same_candle_policy": "conservative",
    "sl_pct": 0.006,
    "slippage_bps": 0.0,
    "source": "bybit",
    "spread_bps": 0.0,
    "symbol": "ETHUSDT",
    "taker_fee_pct": 0.0,
    "tp_pct": 0.012,
    "trailing": {
      "activation_pct": 0.004,
      "atr_mult": 1.4,
      "atr_period": 14,
      "keep_fixed_tp": false,
      "min_lock_pct": 0.0015
    }
  },
  "data_quality": {
    "duplicate_timestamps_count": 0,
    "expected_5m_rows": 105407,
    "gaps_first_5": [],
    "missing_candles_count": 0,
    "row_count": 105407,
    "timestamp_max_utc": "2024-12-31T23:55:00+00:00",
    "timestamp_min_utc": "2024-01-01T00:05:00+00:00"
  },
  "generated_at_utc": "2026-04-26T14:53:50.108802+00:00",
  "outcomes": {
    "skipped_no_atr": 0,
    "sl": 606,
    "timeout": 25,
    "tp": 0,
    "trailing": 815,
    "trailing_activated": 817
  },
  "signals": {
    "long_signals_above_threshold": 4173,
    "no_signal_rows": 99321,
    "short_signals_above_threshold": 1626,
    "total_signal_rows": 105120
  },
  "summary": {
    "avg_duration_candles": 7.353388658367911,
    "avg_duration_minutes": 36.76694329183955,
    "avg_loss_net": -0.01808238850241546,
    "avg_trade_net": -0.0007339427524204658,
    "avg_win_net": 0.012324705503030312,
    "best_trade_net": 0.13901199999999972,
    "expectancy_net": -0.0007339427524204658,
    "fees_paid": 0.0,
    "final_balance": 998.93871878,
    "funding_paid": 0.0,
    "long_net_pnl": -0.9238038549999937,
    "long_trades": 1100,
    "longest_losing_streak": 9,
    "max_drawdown_pct": 0.17130662739317218,
    "max_drawdown_usdt": 1.7139382700014494,
    "profit_factor_net": 0.9054888422737213,
    "short_net_pnl": -0.13747736499999974,
    "short_trades": 346,
    "sl_count": 606,
    "spread_slippage_cost_estimate": 0.0,
    "timeout_count": 25,
    "total_gross_pnl": -1.0612812199999935,
    "total_net_pnl": -1.0612812199999935,
    "tp_count": 0,
    "trades_total": 1446,
    "trailing_count": 815,
    "turnover_notional": 4436.9419800000005,
    "win_rate_net": 57.05394190871369,
    "worst_trade_net": -0.024534779999999954
  }
}