{
  "breakdowns": {
    "by_month": {
      "2025-01": {
        "net_pnl": -5.767149180500647,
        "trades": 817,
        "win_rate": 52.264381884944925,
        "wins": 427
      },
      "2025-02": {
        "net_pnl": -5.212350164802707,
        "trades": 993,
        "win_rate": 54.78348439073515,
        "wins": 544
      },
      "2025-03": {
        "net_pnl": -3.1787943917340047,
        "trades": 914,
        "win_rate": 57.439824945295406,
        "wins": 525
      },
      "2025-04": {
        "net_pnl": -2.2474135048058264,
        "trades": 872,
        "win_rate": 56.19266055045872,
        "wins": 490
      },
      "2025-05": {
        "net_pnl": -3.652976805307856,
        "trades": 935,
        "win_rate": 57.540106951871664,
        "wins": 538
      },
      "2025-06": {
        "net_pnl": -2.7611786219422783,
        "trades": 676,
        "win_rate": 55.769230769230774,
        "wins": 377
      },
      "2025-07": {
        "net_pnl": -4.60138566134873,
        "trades": 717,
        "win_rate": 55.78800557880056,
        "wins": 400
      },
      "2025-08": {
        "net_pnl": -8.537463934519316,
        "trades": 859,
        "win_rate": 53.55064027939464,
        "wins": 460
      },
      "2025-09": {
        "net_pnl": -4.314906176429872,
        "trades": 475,
        "win_rate": 51.578947368421055,
        "wins": 245
      },
      "2025-10": {
        "net_pnl": -6.395085790953751,
        "trades": 792,
        "win_rate": 54.67171717171717,
        "wins": 433
      },
      "2025-11": {
        "net_pnl": -5.675154944345761,
        "trades": 926,
        "win_rate": 55.291576673866096,
        "wins": 512
      },
      "2025-12": {
        "net_pnl": -3.672419824413062,
        "trades": 673,
        "win_rate": 55.274888558692425,
        "wins": 372
      }
    },
    "by_outcome": {
      "sl": {
        "net_pnl": -92.4424744377493,
        "trades": 4142
      },
      "timeout": {
        "net_pnl": -1.4375349817616045,
        "trades": 221
      },
      "tp": {
        "net_pnl": 14.204083280731355,
        "trades": 483
      },
      "trailing": {
        "net_pnl": 23.659647137675734,
        "trades": 4803
      }
    },
    "by_side": {
      "long": {
        "net_pnl": -40.29299863740869,
        "trades": 6965,
        "win_rate": 55.44867193108399
      },
      "short": {
        "net_pnl": -15.723280363695125,
        "trades": 2684,
        "win_rate": 54.43368107302533
      }
    },
    "by_year": {
      "2025": {
        "net_pnl": -56.016279001103804,
        "trades": 9649,
        "win_rate": 55.16633848067157,
        "wins": 5323
      }
    }
  },
  "config": {
    "confidence": 0.3,
    "custom_fee_pct": 0.00055,
    "data_path": "data/normalized/bybit/ETHUSDT/5m/bybit_ETHUSDT_5m_20240101T000500Z_20260425T235500Z.csv",
    "date_end": "2026-01-01T00:00:00Z",
    "date_start": "2025-01-01T00:00:00Z",
    "exit_mode": "atr_trailing",
    "fee_mode": "taker",
    "funding_mode": "none",
    "initial_balance": 1000.0,
    "interval_minutes": 5,
    "look_ahead": 36,
    "maker_fee_pct": 0.0002,
    "model_path": "monster_v4_2.json",
    "order_qty": 0.001,
    "same_candle_policy": "conservative",
    "sl_pct": 0.006,
    "slippage_bps": 2.0,
    "source": "bybit",
    "spread_bps": 2.0,
    "symbol": "ETHUSDT",
    "taker_fee_pct": 0.00055,
    "tp_pct": 0.012,
    "trailing": {
      "activation_pct": 0.004,
      "atr_mult": 1.4,
      "atr_period": 14,
      "keep_fixed_tp": true,
      "min_lock_pct": 0.0015
    }
  },
  "data_quality": {
    "duplicate_timestamps_count": 0,
    "expected_5m_rows": 105120,
    "gaps_first_5": [],
    "missing_candles_count": 0,
    "row_count": 105120,
    "timestamp_max_utc": "2025-12-31T23:55:00+00:00",
    "timestamp_min_utc": "2025-01-01T00:00:00+00:00"
  },
  "generated_at_utc": "2026-04-26T14:51:04.724782+00:00",
  "outcomes": {
    "skipped_no_atr": 0,
    "sl": 4142,
    "timeout": 221,
    "tp": 483,
    "trailing": 4803,
    "trailing_activated": 5121
  },
  "signals": {
    "long_signals_above_threshold": 53482,
    "no_signal_rows": -949,
    "short_signals_above_threshold": 52300,
    "total_signal_rows": 104833
  },
  "summary": {
    "avg_duration_candles": 8.17856772722562,
    "avg_duration_minutes": 40.8928386361281,
    "avg_loss_net": -0.021737174000485956,
    "avg_trade_net": -0.00580539734698972,
    "avg_win_net": 0.007142351253991819,
    "best_trade_net": 0.08498784980044968,
    "expectancy_net": -0.00580539734698972,
    "fees_paid": 31.772285579726493,
    "final_balance": 943.9837209988962,
    "funding_paid": 0.0,
    "long_net_pnl": -40.29299863740869,
    "long_trades": 6965,
    "longest_losing_streak": 10,
    "max_drawdown_pct": 5.602121611013899,
    "max_drawdown_usdt": 56.021216110138994,
    "profit_factor_net": 0.4043040332979839,
    "short_net_pnl": -15.723280363695125,
    "short_trades": 2684,
    "sl_count": 4142,
    "spread_slippage_cost_estimate": 17.33033696671071,
    "timeout_count": 221,
    "total_gross_pnl": -24.24399342137732,
    "total_net_pnl": -56.01627900110381,
    "tp_count": 483,
    "trades_total": 9649,
    "trailing_count": 4803,
    "turnover_notional": 28889.335415299,
    "win_rate_net": 55.16633848067157,
    "worst_trade_net": -0.03651654483978148
  }
}