{
  "breakdowns": {
    "by_month": {
      "2025-01": {
        "net_pnl": -0.1548650399999987,
        "trades": 166,
        "win_rate": 62.048192771084345,
        "wins": 103
      },
      "2025-02": {
        "net_pnl": -0.3595616949999993,
        "trades": 233,
        "win_rate": 58.798283261802574,
        "wins": 137
      },
      "2025-03": {
        "net_pnl": -0.14493712999999964,
        "trades": 214,
        "win_rate": 58.41121495327103,
        "wins": 125
      },
      "2025-04": {
        "net_pnl": -0.07814967500000354,
        "trades": 202,
        "win_rate": 58.91089108910891,
        "wins": 119
      },
      "2025-05": {
        "net_pnl": 0.7123375299999963,
        "trades": 177,
        "win_rate": 72.31638418079096,
        "wins": 128
      },
      "2025-06": {
        "net_pnl": 0.00033102499999992886,
        "trades": 153,
        "win_rate": 62.745098039215684,
        "wins": 96
      },
      "2025-07": {
        "net_pnl": 0.10444108999999793,
        "trades": 136,
        "win_rate": 63.23529411764706,
        "wins": 86
      },
      "2025-08": {
        "net_pnl": -0.3199689699999953,
        "trades": 145,
        "win_rate": 55.172413793103445,
        "wins": 80
      },
      "2025-09": {
        "net_pnl": 0.01862416499999791,
        "trades": 65,
        "win_rate": 58.46153846153847,
        "wins": 38
      },
      "2025-10": {
        "net_pnl": 0.4390367599999972,
        "trades": 159,
        "win_rate": 64.77987421383648,
        "wins": 103
      },
      "2025-11": {
        "net_pnl": -0.4545468349999975,
        "trades": 255,
        "win_rate": 56.86274509803921,
        "wins": 145
      },
      "2025-12": {
        "net_pnl": -0.2474307449999978,
        "trades": 147,
        "win_rate": 59.183673469387756,
        "wins": 87
      }
    },
    "by_outcome": {
      "sl": {
        "net_pnl": -13.712300280000001,
        "trades": 788
      },
      "timeout": {
        "net_pnl": -0.06427999999999884,
        "trades": 27
      },
      "tp": {
        "net_pnl": 0.0,
        "trades": 0
      },
      "trailing": {
        "net_pnl": 13.291890759999998,
        "trades": 1237
      }
    },
    "by_side": {
      "long": {
        "net_pnl": -0.0663031850000097,
        "trades": 1626,
        "win_rate": 61.31611316113161
      },
      "short": {
        "net_pnl": -0.41838633499999217,
        "trades": 426,
        "win_rate": 58.68544600938967
      }
    },
    "by_year": {
      "2025": {
        "net_pnl": -0.48468952000000143,
        "trades": 2052,
        "win_rate": 60.769980506822606,
        "wins": 1247
      }
    }
  },
  "config": {
    "confidence": 0.6,
    "custom_fee_pct": 0.00055,
    "data_path": "data/normalized/bybit/ETHUSDT/5m/bybit_ETHUSDT_5m_20240101T000500Z_20260425T235500Z.csv",
    "date_end": "2026-01-01T00:00:00Z",
    "date_start": "2025-01-01T00:00:00Z",
    "exit_mode": "atr_trailing",
    "fee_mode": "taker",
    "funding_mode": "none",
    "initial_balance": 1000.0,
    "interval_minutes": 5,
    "look_ahead": 36,
    "maker_fee_pct": 0.0002,
    "model_path": "monster_v4_2.json",
    "order_qty": 0.001,
    "same_candle_policy": "conservative",
    "sl_pct": 0.006,
    "slippage_bps": 0.0,
    "source": "bybit",
    "spread_bps": 0.0,
    "symbol": "ETHUSDT",
    "taker_fee_pct": 0.0,
    "tp_pct": 0.012,
    "trailing": {
      "activation_pct": 0.004,
      "atr_mult": 1.4,
      "atr_period": 14,
      "keep_fixed_tp": false,
      "min_lock_pct": 0.0015
    }
  },
  "data_quality": {
    "duplicate_timestamps_count": 0,
    "expected_5m_rows": 105120,
    "gaps_first_5": [],
    "missing_candles_count": 0,
    "row_count": 105120,
    "timestamp_max_utc": "2025-12-31T23:55:00+00:00",
    "timestamp_min_utc": "2025-01-01T00:00:00+00:00"
  },
  "generated_at_utc": "2026-04-26T14:53:51.552516+00:00",
  "outcomes": {
    "skipped_no_atr": 0,
    "sl": 788,
    "timeout": 27,
    "tp": 0,
    "trailing": 1237,
    "trailing_activated": 1237
  },
  "signals": {
    "long_signals_above_threshold": 6345,
    "no_signal_rows": 96715,
    "short_signals_above_threshold": 1773,
    "total_signal_rows": 104833
  },
  "summary": {
    "avg_duration_candles": 6.332358674463937,
    "avg_duration_minutes": 31.661793372319686,
    "avg_loss_net": -0.017190758111801242,
    "avg_trade_net": -0.0002362034697855759,
    "avg_win_net": 0.01070879772253408,
    "best_trade_net": 0.2779400000000001,
    "expectancy_net": -0.0002362034697855759,
    "fees_paid": 0.0,
    "final_balance": 999.51531048,
    "funding_paid": 0.0,
    "long_net_pnl": -0.0663031850000097,
    "long_trades": 1626,
    "longest_losing_streak": 7,
    "max_drawdown_pct": 0.09166213659396803,
    "max_drawdown_usdt": 0.9168469249997315,
    "profit_factor_net": 0.9649754374593075,
    "short_net_pnl": -0.41838633499999217,
    "short_trades": 426,
    "sl_count": 788,
    "spread_slippage_cost_estimate": 0.0,
    "timeout_count": 27,
    "total_gross_pnl": -0.48468952000000176,
    "total_net_pnl": -0.48468952000000176,
    "tp_count": 0,
    "trades_total": 2052,
    "trailing_count": 1237,
    "turnover_notional": 5920.10037,
    "win_rate_net": 60.769980506822606,
    "worst_trade_net": -0.02929302000000007
  }
}