{
  "breakdowns": {
    "by_month": {
      "2024-01": {
        "net_pnl": -0.06753368516529415,
        "trades": 78,
        "win_rate": 43.58974358974359,
        "wins": 34
      },
      "2024-02": {
        "net_pnl": -0.47153072058259404,
        "trades": 71,
        "win_rate": 29.577464788732392,
        "wins": 21
      },
      "2024-03": {
        "net_pnl": -0.7768408746907972,
        "trades": 162,
        "win_rate": 34.5679012345679,
        "wins": 56
      },
      "2024-04": {
        "net_pnl": -0.5202888932921799,
        "trades": 143,
        "win_rate": 37.06293706293706,
        "wins": 53
      },
      "2024-05": {
        "net_pnl": -0.06168429227297638,
        "trades": 68,
        "win_rate": 39.705882352941174,
        "wins": 27
      },
      "2024-06": {
        "net_pnl": -0.3043142231864311,
        "trades": 37,
        "win_rate": 32.432432432432435,
        "wins": 12
      },
      "2024-07": {
        "net_pnl": -0.7209844020647597,
        "trades": 75,
        "win_rate": 28.000000000000004,
        "wins": 21
      },
      "2024-08": {
        "net_pnl": -0.744524319294465,
        "trades": 150,
        "win_rate": 30.0,
        "wins": 45
      },
      "2024-09": {
        "net_pnl": 0.04738693145998582,
        "trades": 70,
        "win_rate": 44.285714285714285,
        "wins": 31
      },
      "2024-10": {
        "net_pnl": -0.4253487738013159,
        "trades": 49,
        "win_rate": 24.489795918367346,
        "wins": 12
      },
      "2024-11": {
        "net_pnl": -0.9584830460915793,
        "trades": 133,
        "win_rate": 28.57142857142857,
        "wins": 38
      },
      "2024-12": {
        "net_pnl": -1.0823897061807757,
        "trades": 150,
        "win_rate": 30.0,
        "wins": 45
      }
    },
    "by_outcome": {
      "sl": {
        "net_pnl": -16.787421215738778,
        "trades": 739
      },
      "timeout": {
        "net_pnl": 0.32277078140953325,
        "trades": 127
      },
      "tp": {
        "net_pnl": 10.378114429166061,
        "trades": 320
      },
      "trailing": {
        "net_pnl": 0.0,
        "trades": 0
      }
    },
    "by_side": {
      "long": {
        "net_pnl": -4.401414861272935,
        "trades": 897,
        "win_rate": 33.22185061315496
      },
      "short": {
        "net_pnl": -1.6851211438902476,
        "trades": 289,
        "win_rate": 33.56401384083045
      }
    },
    "by_year": {
      "2024": {
        "net_pnl": -6.08653600516317,
        "trades": 1186,
        "win_rate": 33.305227655986506,
        "wins": 395
      }
    }
  },
  "config": {
    "confidence": 0.6,
    "custom_fee_pct": 0.00055,
    "data_path": "data/normalized/bybit/ETHUSDT/5m/bybit_ETHUSDT_5m_20240101T000500Z_20260425T235500Z.csv",
    "date_end": "2025-01-01T00:00:00Z",
    "date_start": "2024-01-01T00:00:00Z",
    "exit_mode": "fixed",
    "fee_mode": "taker",
    "funding_mode": "none",
    "initial_balance": 1000.0,
    "interval_minutes": 5,
    "look_ahead": 36,
    "maker_fee_pct": 0.0002,
    "model_path": "monster_v4_2.json",
    "order_qty": 0.001,
    "same_candle_policy": "conservative",
    "sl_pct": 0.006,
    "slippage_bps": 2.0,
    "source": "bybit",
    "spread_bps": 2.0,
    "symbol": "ETHUSDT",
    "taker_fee_pct": 0.00055,
    "tp_pct": 0.012,
    "trailing": null
  },
  "data_quality": {
    "duplicate_timestamps_count": 0,
    "expected_5m_rows": 105407,
    "gaps_first_5": [],
    "missing_candles_count": 0,
    "row_count": 105407,
    "timestamp_max_utc": "2024-12-31T23:55:00+00:00",
    "timestamp_min_utc": "2024-01-01T00:05:00+00:00"
  },
  "generated_at_utc": "2026-04-26T14:50:37.783113+00:00",
  "outcomes": {
    "skipped_no_atr": 0,
    "sl": 739,
    "timeout": 127,
    "tp": 320,
    "trailing": 0,
    "trailing_activated": 0
  },
  "signals": {
    "long_signals_above_threshold": 4173,
    "no_signal_rows": 99321,
    "short_signals_above_threshold": 1626,
    "total_signal_rows": 105120
  },
  "summary": {
    "avg_duration_candles": 11.858347386172007,
    "avg_duration_minutes": 59.29173693086003,
    "avg_loss_net": -0.02171113844680994,
    "avg_trade_net": -0.005131986513628316,
    "avg_win_net": 0.028068289889274633,
    "best_trade_net": 0.042770984025091247,
    "expectancy_net": -0.005131986513628316,
    "fees_paid": 4.0014488694506145,
    "final_balance": 993.9134639948368,
    "funding_paid": 0.0,
    "long_net_pnl": -4.401414861272935,
    "long_trades": 897,
    "longest_losing_streak": 13,
    "max_drawdown_pct": 0.616550119138831,
    "max_drawdown_usdt": 6.1659245486401915,
    "profit_factor_net": 0.6455857990645878,
    "short_net_pnl": -1.6851211438902476,
    "short_trades": 289,
    "sl_count": 739,
    "spread_slippage_cost_estimate": 2.1826084830224644,
    "timeout_count": 127,
    "total_gross_pnl": -2.085087135712569,
    "total_net_pnl": -6.0865360051631825,
    "tp_count": 320,
    "trades_total": 1186,
    "trailing_count": 0,
    "turnover_notional": 3638.018841348,
    "win_rate_net": 33.305227655986506,
    "worst_trade_net": -0.030279210971964718
  }
}