{
  "breakdowns": {
    "by_month": {
      "2025-01": {
        "net_pnl": -1.1946518449999968,
        "trades": 822,
        "win_rate": 56.326034063260344,
        "wins": 463
      },
      "2025-02": {
        "net_pnl": -0.7636129200000024,
        "trades": 976,
        "win_rate": 57.684426229508205,
        "wins": 563
      },
      "2025-03": {
        "net_pnl": -0.18150506500000144,
        "trades": 905,
        "win_rate": 59.55801104972376,
        "wins": 539
      },
      "2025-04": {
        "net_pnl": 0.07572410499999946,
        "trades": 873,
        "win_rate": 58.6483390607102,
        "wins": 512
      },
      "2025-05": {
        "net_pnl": 0.27252902999999457,
        "trades": 946,
        "win_rate": 61.09936575052855,
        "wins": 578
      },
      "2025-06": {
        "net_pnl": 0.2042200399999962,
        "trades": 677,
        "win_rate": 59.822747415066466,
        "wins": 405
      },
      "2025-07": {
        "net_pnl": -0.6396987050000098,
        "trades": 719,
        "win_rate": 58.692628650904034,
        "wins": 422
      },
      "2025-08": {
        "net_pnl": -1.7313745550000006,
        "trades": 841,
        "win_rate": 57.31272294887039,
        "wins": 482
      },
      "2025-09": {
        "net_pnl": -0.8268411100000125,
        "trades": 472,
        "win_rate": 56.567796610169495,
        "wins": 267
      },
      "2025-10": {
        "net_pnl": -0.758600360000012,
        "trades": 794,
        "win_rate": 57.93450881612091,
        "wins": 460
      },
      "2025-11": {
        "net_pnl": -0.6950314149999982,
        "trades": 930,
        "win_rate": 59.354838709677416,
        "wins": 552
      },
      "2025-12": {
        "net_pnl": 0.04009970499999738,
        "trades": 665,
        "win_rate": 60.6015037593985,
        "wins": 403
      }
    },
    "by_outcome": {
      "sl": {
        "net_pnl": -69.21977316,
        "trades": 3840
      },
      "timeout": {
        "net_pnl": -0.4045799999999963,
        "trades": 227
      },
      "tp": {
        "net_pnl": 16.540159320000004,
        "trades": 492
      },
      "trailing": {
        "net_pnl": 46.88545074499995,
        "trades": 5061
      }
    },
    "by_side": {
      "long": {
        "net_pnl": -4.506928485000028,
        "trades": 6925,
        "win_rate": 58.7870036101083
      },
      "short": {
        "net_pnl": -1.6918146100000182,
        "trades": 2695,
        "win_rate": 58.44155844155844
      }
    },
    "by_year": {
      "2025": {
        "net_pnl": -6.198743095000094,
        "trades": 9620,
        "win_rate": 58.690228690228686,
        "wins": 5646
      }
    }
  },
  "config": {
    "confidence": 0.3,
    "custom_fee_pct": 0.00055,
    "data_path": "data/normalized/bybit/ETHUSDT/5m/bybit_ETHUSDT_5m_20240101T000500Z_20260425T235500Z.csv",
    "date_end": "2026-01-01T00:00:00Z",
    "date_start": "2025-01-01T00:00:00Z",
    "exit_mode": "atr_trailing",
    "fee_mode": "taker",
    "funding_mode": "none",
    "initial_balance": 1000.0,
    "interval_minutes": 5,
    "look_ahead": 36,
    "maker_fee_pct": 0.0002,
    "model_path": "monster_v4_2.json",
    "order_qty": 0.001,
    "same_candle_policy": "conservative",
    "sl_pct": 0.006,
    "slippage_bps": 0.0,
    "source": "bybit",
    "spread_bps": 0.0,
    "symbol": "ETHUSDT",
    "taker_fee_pct": 0.0,
    "tp_pct": 0.012,
    "trailing": {
      "activation_pct": 0.004,
      "atr_mult": 1.4,
      "atr_period": 14,
      "keep_fixed_tp": true,
      "min_lock_pct": 0.0015
    }
  },
  "data_quality": {
    "duplicate_timestamps_count": 0,
    "expected_5m_rows": 105120,
    "gaps_first_5": [],
    "missing_candles_count": 0,
    "row_count": 105120,
    "timestamp_max_utc": "2025-12-31T23:55:00+00:00",
    "timestamp_min_utc": "2025-01-01T00:00:00+00:00"
  },
  "generated_at_utc": "2026-04-26T14:50:54.326775+00:00",
  "outcomes": {
    "skipped_no_atr": 0,
    "sl": 3840,
    "timeout": 227,
    "tp": 492,
    "trailing": 5061,
    "trailing_activated": 5397
  },
  "signals": {
    "long_signals_above_threshold": 53482,
    "no_signal_rows": -949,
    "short_signals_above_threshold": 52300,
    "total_signal_rows": 104833
  },
  "summary": {
    "avg_duration_candles": 8.20956340956341,
    "avg_duration_minutes": 41.04781704781705,
    "avg_loss_net": -0.017632527216909916,
    "avg_trade_net": -0.0006443599890852439,
    "avg_win_net": 0.011312950773113704,
    "best_trade_net": 0.09272999999999956,
    "expectancy_net": -0.0006443599890852439,
    "fees_paid": 0.0,
    "final_balance": 993.801256905,
    "funding_paid": 0.0,
    "long_net_pnl": -4.506928485000028,
    "long_trades": 6925,
    "longest_losing_streak": 10,
    "max_drawdown_pct": 0.6463230542698128,
    "max_drawdown_usdt": 6.4637152549994425,
    "profit_factor_net": 0.9115370919504798,
    "short_net_pnl": -1.6918146100000182,
    "short_trades": 2695,
    "sl_count": 3840,
    "spread_slippage_cost_estimate": 0.0,
    "timeout_count": 227,
    "total_gross_pnl": -6.198743095000046,
    "total_net_pnl": -6.198743095000046,
    "tp_count": 492,
    "trades_total": 9620,
    "trailing_count": 5061,
    "turnover_notional": 28764.605610000002,
    "win_rate_net": 58.690228690228686,
    "worst_trade_net": -0.02921765999999934
  }
}