{
  "breakdowns": {
    "by_month": {
      "2024-01": {
        "net_pnl": -0.16067671981079262,
        "trades": 173,
        "win_rate": 42.77456647398844,
        "wins": 74
      },
      "2024-02": {
        "net_pnl": -0.8175583776842411,
        "trades": 151,
        "win_rate": 33.77483443708609,
        "wins": 51
      },
      "2024-03": {
        "net_pnl": -2.9050809956842163,
        "trades": 327,
        "win_rate": 29.051987767584098,
        "wins": 95
      },
      "2024-04": {
        "net_pnl": -1.7497448209009459,
        "trades": 261,
        "win_rate": 33.33333333333333,
        "wins": 87
      },
      "2024-05": {
        "net_pnl": -0.9347787818415184,
        "trades": 174,
        "win_rate": 36.206896551724135,
        "wins": 63
      },
      "2024-06": {
        "net_pnl": -1.3708593308540808,
        "trades": 111,
        "win_rate": 25.225225225225223,
        "wins": 28
      },
      "2024-07": {
        "net_pnl": -1.7232129076338127,
        "trades": 166,
        "win_rate": 24.69879518072289,
        "wins": 41
      },
      "2024-08": {
        "net_pnl": -1.1446709727612159,
        "trades": 330,
        "win_rate": 34.84848484848485,
        "wins": 115
      },
      "2024-09": {
        "net_pnl": -0.5259782160819307,
        "trades": 175,
        "win_rate": 37.714285714285715,
        "wins": 66
      },
      "2024-10": {
        "net_pnl": -0.778019919328838,
        "trades": 146,
        "win_rate": 33.56164383561644,
        "wins": 49
      },
      "2024-11": {
        "net_pnl": -1.8119605522230706,
        "trades": 288,
        "win_rate": 33.33333333333333,
        "wins": 96
      },
      "2024-12": {
        "net_pnl": -1.792835559659673,
        "trades": 266,
        "win_rate": 34.21052631578947,
        "wins": 91
      }
    },
    "by_outcome": {
      "sl": {
        "net_pnl": -36.64532823625699,
        "trades": 1517
      },
      "timeout": {
        "net_pnl": 0.12042990053643292,
        "trades": 375
      },
      "tp": {
        "net_pnl": 20.80952118125622,
        "trades": 676
      },
      "trailing": {
        "net_pnl": 0.0,
        "trades": 0
      }
    },
    "by_side": {
      "long": {
        "net_pnl": -10.57649013235853,
        "trades": 1673,
        "win_rate": 33.23371189479976
      },
      "short": {
        "net_pnl": -5.138887022105807,
        "trades": 895,
        "win_rate": 33.5195530726257
      }
    },
    "by_year": {
      "2024": {
        "net_pnl": -15.715377154464326,
        "trades": 2568,
        "win_rate": 33.33333333333333,
        "wins": 856
      }
    }
  },
  "config": {
    "confidence": 0.51,
    "custom_fee_pct": 0.00055,
    "data_path": "data/normalized/bybit/ETHUSDT/5m/bybit_ETHUSDT_5m_20240101T000500Z_20260425T235500Z.csv",
    "date_end": "2025-01-01T00:00:00Z",
    "date_start": "2024-01-01T00:00:00Z",
    "exit_mode": "fixed",
    "fee_mode": "taker",
    "funding_mode": "none",
    "initial_balance": 1000.0,
    "interval_minutes": 5,
    "look_ahead": 36,
    "maker_fee_pct": 0.0002,
    "model_path": "monster_v4_2.json",
    "order_qty": 0.001,
    "same_candle_policy": "conservative",
    "sl_pct": 0.006,
    "slippage_bps": 5.0,
    "source": "bybit",
    "spread_bps": 5.0,
    "symbol": "ETHUSDT",
    "taker_fee_pct": 0.00055,
    "tp_pct": 0.012,
    "trailing": null
  },
  "data_quality": {
    "duplicate_timestamps_count": 0,
    "expected_5m_rows": 105407,
    "gaps_first_5": [],
    "missing_candles_count": 0,
    "row_count": 105407,
    "timestamp_max_utc": "2024-12-31T23:55:00+00:00",
    "timestamp_min_utc": "2024-01-01T00:05:00+00:00"
  },
  "generated_at_utc": "2026-04-26T14:50:26.626202+00:00",
  "outcomes": {
    "skipped_no_atr": 0,
    "sl": 1517,
    "timeout": 375,
    "tp": 676,
    "trailing": 0,
    "trailing_activated": 0
  },
  "signals": {
    "long_signals_above_threshold": 9765,
    "no_signal_rows": 88130,
    "short_signals_above_threshold": 7225,
    "total_signal_rows": 105120
  },
  "summary": {
    "avg_duration_candles": 13.37266355140187,
    "avg_duration_minutes": 66.86331775700934,
    "avg_loss_net": -0.022298690053710112,
    "avg_trade_net": -0.006119695153607608,
    "avg_win_net": 0.026238294646597403,
    "best_trade_net": 0.04103450129509696,
    "expectancy_net": -0.006119695153607608,
    "fees_paid": 8.633960583073192,
    "final_balance": 984.2846228455356,
    "funding_paid": 0.0,
    "long_net_pnl": -10.57649013235853,
    "long_trades": 1673,
    "longest_losing_streak": 18,
    "max_drawdown_pct": 1.5962547582371513,
    "max_drawdown_usdt": 15.966557053460974,
    "profit_factor_net": 0.5883371306430579,
    "short_net_pnl": -5.138887022105807,
    "short_trades": 895,
    "sl_count": 1517,
    "spread_slippage_cost_estimate": 11.773585252626084,
    "timeout_count": 375,
    "total_gross_pnl": -7.081416571391145,
    "total_net_pnl": -15.715377154464337,
    "tp_count": 676,
    "trades_total": 2568,
    "trailing_count": 0,
    "turnover_notional": 7850.463431665001,
    "win_rate_net": 33.33333333333333,
    "worst_trade_net": -0.03211235712428038
  }
}