{
  "breakdowns": {
    "by_month": {
      "2024-01": {
        "net_pnl": -0.45571641341357083,
        "trades": 251,
        "win_rate": 39.44223107569721,
        "wins": 99
      },
      "2024-02": {
        "net_pnl": -0.6953313451241303,
        "trades": 228,
        "win_rate": 36.84210526315789,
        "wins": 84
      },
      "2024-03": {
        "net_pnl": -2.579182135233284,
        "trades": 463,
        "win_rate": 32.6133909287257,
        "wins": 151
      },
      "2024-04": {
        "net_pnl": -0.9594617006878243,
        "trades": 351,
        "win_rate": 37.89173789173789,
        "wins": 133
      },
      "2024-05": {
        "net_pnl": -1.1199894783034716,
        "trades": 260,
        "win_rate": 36.92307692307693,
        "wins": 96
      },
      "2024-06": {
        "net_pnl": -1.4044744000503813,
        "trades": 188,
        "win_rate": 31.382978723404253,
        "wins": 59
      },
      "2024-07": {
        "net_pnl": -1.6525582473609135,
        "trades": 245,
        "win_rate": 33.06122448979592,
        "wins": 81
      },
      "2024-08": {
        "net_pnl": -0.4164019757176502,
        "trades": 431,
        "win_rate": 39.443155452436194,
        "wins": 170
      },
      "2024-09": {
        "net_pnl": -0.5836162188603422,
        "trades": 247,
        "win_rate": 38.8663967611336,
        "wins": 96
      },
      "2024-10": {
        "net_pnl": -1.4765317835559097,
        "trades": 250,
        "win_rate": 30.8,
        "wins": 77
      },
      "2024-11": {
        "net_pnl": -1.5188547014396185,
        "trades": 408,
        "win_rate": 35.78431372549019,
        "wins": 146
      },
      "2024-12": {
        "net_pnl": -2.7385792158795015,
        "trades": 384,
        "win_rate": 31.770833333333332,
        "wins": 122
      },
      "2025-01": {
        "net_pnl": -2.223638897333571,
        "trades": 357,
        "win_rate": 30.81232492997199,
        "wins": 110
      },
      "2025-02": {
        "net_pnl": -1.7495089030764852,
        "trades": 510,
        "win_rate": 34.11764705882353,
        "wins": 174
      },
      "2025-03": {
        "net_pnl": -1.3416901727108606,
        "trades": 443,
        "win_rate": 34.76297968397291,
        "wins": 154
      },
      "2025-04": {
        "net_pnl": -0.9105468180579719,
        "trades": 432,
        "win_rate": 34.72222222222222,
        "wins": 150
      },
      "2025-05": {
        "net_pnl": -0.2031408465559988,
        "trades": 398,
        "win_rate": 40.7035175879397,
        "wins": 162
      },
      "2025-06": {
        "net_pnl": -1.2186843684294546,
        "trades": 319,
        "win_rate": 34.1692789968652,
        "wins": 109
      },
      "2025-07": {
        "net_pnl": -1.9238931273878104,
        "trades": 318,
        "win_rate": 32.70440251572327,
        "wins": 104
      },
      "2025-08": {
        "net_pnl": -3.1137779907974994,
        "trades": 339,
        "win_rate": 31.268436578171094,
        "wins": 106
      },
      "2025-09": {
        "net_pnl": -1.5041197729136426,
        "trades": 204,
        "win_rate": 34.31372549019608,
        "wins": 70
      },
      "2025-10": {
        "net_pnl": -1.4716241493682636,
        "trades": 355,
        "win_rate": 36.901408450704224,
        "wins": 131
      },
      "2025-11": {
        "net_pnl": -2.1407636586911862,
        "trades": 451,
        "win_rate": 33.03769401330377,
        "wins": 149
      },
      "2025-12": {
        "net_pnl": -1.5451841815290952,
        "trades": 303,
        "win_rate": 32.34323432343234,
        "wins": 98
      },
      "2026-01": {
        "net_pnl": -1.1004696481997212,
        "trades": 263,
        "win_rate": 37.26235741444867,
        "wins": 98
      },
      "2026-02": {
        "net_pnl": -1.2722887333361026,
        "trades": 512,
        "win_rate": 34.9609375,
        "wins": 179
      },
      "2026-03": {
        "net_pnl": -0.5821221974834286,
        "trades": 342,
        "win_rate": 40.058479532163744,
        "wins": 137
      },
      "2026-04": {
        "net_pnl": -0.6734919736447582,
        "trades": 181,
        "win_rate": 33.70165745856354,
        "wins": 61
      }
    },
    "by_outcome": {
      "sl": {
        "net_pnl": -120.33507295361603,
        "trades": 5590
      },
      "timeout": {
        "net_pnl": 3.2613169167070795,
        "trades": 1246
      },
      "tp": {
        "net_pnl": 78.49811298176651,
        "trades": 2597
      },
      "trailing": {
        "net_pnl": 0.0,
        "trades": 0
      }
    },
    "by_side": {
      "long": {
        "net_pnl": -26.180215514592913,
        "trades": 5892,
        "win_rate": 34.6571622539036
      },
      "short": {
        "net_pnl": -12.39542754054953,
        "trades": 3541,
        "win_rate": 35.69613103643039
      }
    },
    "by_year": {
      "2024": {
        "net_pnl": -15.600697615626576,
        "trades": 3706,
        "win_rate": 35.45601726929304,
        "wins": 1314
      },
      "2025": {
        "net_pnl": -19.346572886851856,
        "trades": 4429,
        "win_rate": 34.25152404606006,
        "wins": 1517
      },
      "2026": {
        "net_pnl": -3.6283725526640214,
        "trades": 1298,
        "win_rate": 36.59476117103236,
        "wins": 475
      }
    }
  },
  "config": {
    "confidence": 0.45,
    "custom_fee_pct": 0.00055,
    "data_path": "data/normalized/bybit/ETHUSDT/5m/bybit_ETHUSDT_5m_20240101T000500Z_20260425T235500Z.csv",
    "date_end": null,
    "date_start": null,
    "exit_mode": "fixed",
    "fee_mode": "taker",
    "funding_mode": "none",
    "initial_balance": 1000.0,
    "interval_minutes": 5,
    "look_ahead": 36,
    "maker_fee_pct": 0.0002,
    "model_path": "monster_v4_2.json",
    "order_qty": 0.001,
    "same_candle_policy": "conservative",
    "sl_pct": 0.006,
    "slippage_bps": 2.0,
    "source": "bybit",
    "spread_bps": 2.0,
    "symbol": "ETHUSDT",
    "taker_fee_pct": 0.00055,
    "tp_pct": 0.012,
    "trailing": null
  },
  "data_quality": {
    "duplicate_timestamps_count": 0,
    "expected_5m_rows": 243647,
    "gaps_first_5": [],
    "missing_candles_count": 0,
    "row_count": 243647,
    "timestamp_max_utc": "2026-04-25T23:55:00+00:00",
    "timestamp_min_utc": "2024-01-01T00:05:00+00:00"
  },
  "generated_at_utc": "2026-04-26T14:50:01.910882+00:00",
  "outcomes": {
    "skipped_no_atr": 0,
    "sl": 5590,
    "timeout": 1246,
    "tp": 2597,
    "trailing": 0,
    "trailing_activated": 0
  },
  "signals": {
    "long_signals_above_threshold": 46755,
    "no_signal_rows": 161978,
    "short_signals_above_threshold": 34627,
    "total_signal_rows": 243360
  },
  "summary": {
    "avg_duration_candles": 13.303084914661296,
    "avg_duration_minutes": 66.51542457330648,
    "avg_loss_net": -0.020284611790945126,
    "avg_trade_net": -0.004089435286244296,
    "avg_win_net": 0.02592503732243749,
    "best_trade_net": 0.05234036945788411,
    "expectancy_net": -0.004089435286244296,
    "fees_paid": 30.112359835942176,
    "final_balance": 961.4243569448575,
    "funding_paid": 0.0,
    "long_net_pnl": -26.180215514592913,
    "long_trades": 5892,
    "longest_losing_streak": 25,
    "max_drawdown_pct": 3.873690441180952,
    "max_drawdown_usdt": 38.74330816441534,
    "profit_factor_net": 0.6896165232196839,
    "short_net_pnl": -12.39542754054953,
    "short_trades": 3541,
    "sl_count": 5590,
    "spread_slippage_cost_estimate": 16.424924263423446,
    "timeout_count": 1246,
    "total_gross_pnl": -8.463283219200267,
    "total_net_pnl": -38.57564305514244,
    "tp_count": 2597,
    "trades_total": 9433,
    "trailing_count": 0,
    "turnover_notional": 27378.189430861,
    "win_rate_net": 35.04717481183081,
    "worst_trade_net": -0.03592926946648284
  }
}