{
  "breakdowns": {
    "by_month": {
      "2024-01": {
        "net_pnl": 0.3133448200000011,
        "trades": 77,
        "win_rate": 49.35064935064935,
        "wins": 38
      },
      "2024-02": {
        "net_pnl": -0.12680248000000124,
        "trades": 70,
        "win_rate": 31.428571428571427,
        "wins": 22
      },
      "2024-03": {
        "net_pnl": 0.07295955999999743,
        "trades": 157,
        "win_rate": 36.30573248407643,
        "wins": 57
      },
      "2024-04": {
        "net_pnl": 0.17444024000000036,
        "trades": 139,
        "win_rate": 39.568345323741006,
        "wins": 55
      },
      "2024-05": {
        "net_pnl": 0.3217629400000022,
        "trades": 67,
        "win_rate": 47.76119402985074,
        "wins": 32
      },
      "2024-06": {
        "net_pnl": -0.08102757999999993,
        "trades": 37,
        "win_rate": 37.83783783783784,
        "wins": 14
      },
      "2024-07": {
        "net_pnl": -0.21879669999999904,
        "trades": 75,
        "win_rate": 32.0,
        "wins": 24
      },
      "2024-08": {
        "net_pnl": -0.20819534000000023,
        "trades": 149,
        "win_rate": 30.201342281879196,
        "wins": 45
      },
      "2024-09": {
        "net_pnl": 0.3069613800000006,
        "trades": 69,
        "win_rate": 46.3768115942029,
        "wins": 32
      },
      "2024-10": {
        "net_pnl": -0.1914513800000009,
        "trades": 46,
        "win_rate": 34.78260869565217,
        "wins": 16
      },
      "2024-11": {
        "net_pnl": -0.19669008000000118,
        "trades": 131,
        "win_rate": 32.06106870229007,
        "wins": 42
      },
      "2024-12": {
        "net_pnl": -0.3070320199999974,
        "trades": 148,
        "win_rate": 32.432432432432435,
        "wins": 48
      }
    },
    "by_outcome": {
      "sl": {
        "net_pnl": -13.064899680000012,
        "trades": 708
      },
      "timeout": {
        "net_pnl": 0.9752600000000043,
        "trades": 131
      },
      "tp": {
        "net_pnl": 11.94911304000001,
        "trades": 326
      },
      "trailing": {
        "net_pnl": 0.0,
        "trades": 0
      }
    },
    "by_side": {
      "long": {
        "net_pnl": -0.05705001999999608,
        "trades": 882,
        "win_rate": 35.827664399092974
      },
      "short": {
        "net_pnl": -0.0834766200000017,
        "trades": 283,
        "win_rate": 38.515901060070675
      }
    },
    "by_year": {
      "2024": {
        "net_pnl": -0.1405266399999963,
        "trades": 1165,
        "win_rate": 36.48068669527897,
        "wins": 425
      }
    }
  },
  "config": {
    "confidence": 0.6,
    "custom_fee_pct": 0.00055,
    "data_path": "data/normalized/bybit/ETHUSDT/5m/bybit_ETHUSDT_5m_20240101T000500Z_20260425T235500Z.csv",
    "date_end": "2025-01-01T00:00:00Z",
    "date_start": "2024-01-01T00:00:00Z",
    "exit_mode": "fixed",
    "fee_mode": "taker",
    "funding_mode": "none",
    "initial_balance": 1000.0,
    "interval_minutes": 5,
    "look_ahead": 36,
    "maker_fee_pct": 0.0002,
    "model_path": "monster_v4_2.json",
    "order_qty": 0.001,
    "same_candle_policy": "conservative",
    "sl_pct": 0.006,
    "slippage_bps": 0.0,
    "source": "bybit",
    "spread_bps": 0.0,
    "symbol": "ETHUSDT",
    "taker_fee_pct": 0.0,
    "tp_pct": 0.012,
    "trailing": null
  },
  "data_quality": {
    "duplicate_timestamps_count": 0,
    "expected_5m_rows": 105407,
    "gaps_first_5": [],
    "missing_candles_count": 0,
    "row_count": 105407,
    "timestamp_max_utc": "2024-12-31T23:55:00+00:00",
    "timestamp_min_utc": "2024-01-01T00:05:00+00:00"
  },
  "generated_at_utc": "2026-04-26T14:50:32.282213+00:00",
  "outcomes": {
    "skipped_no_atr": 0,
    "sl": 708,
    "timeout": 131,
    "tp": 326,
    "trailing": 0,
    "trailing_activated": 0
  },
  "signals": {
    "long_signals_above_threshold": 4173,
    "no_signal_rows": 99321,
    "short_signals_above_threshold": 1626,
    "total_signal_rows": 105120
  },
  "summary": {
    "avg_duration_candles": 12.254077253218885,
    "avg_duration_minutes": 61.27038626609442,
    "avg_loss_net": -0.017900215783783795,
    "avg_trade_net": -0.00012062372532188654,
    "avg_win_net": 0.03083678362352944,
    "best_trade_net": 0.048451320000000124,
    "expectancy_net": -0.00012062372532188654,
    "fees_paid": 0.0,
    "final_balance": 999.85947336,
    "funding_paid": 0.0,
    "long_net_pnl": -0.05705001999999608,
    "long_trades": 882,
    "longest_losing_streak": 13,
    "max_drawdown_pct": 0.11501453621136525,
    "max_drawdown_usdt": 1.1511430799990876,
    "profit_factor_net": 0.9893911410254117,
    "short_net_pnl": -0.0834766200000017,
    "short_trades": 283,
    "sl_count": 708,
    "spread_slippage_cost_estimate": 0.0,
    "timeout_count": 131,
    "total_gross_pnl": -0.14052663999999782,
    "total_net_pnl": -0.14052663999999782,
    "tp_count": 326,
    "trades_total": 1165,
    "trailing_count": 0,
    "turnover_notional": 3572.72987,
    "win_rate_net": 36.48068669527897,
    "worst_trade_net": -0.02456082000000015
  }
}