{
  "breakdowns": {
    "by_month": {
      "2024-01": {
        "net_pnl": -2.3400747232476893,
        "trades": 569,
        "win_rate": 57.29349736379613,
        "wins": 326
      },
      "2024-02": {
        "net_pnl": -2.550853679193118,
        "trades": 504,
        "win_rate": 56.34920634920635,
        "wins": 284
      },
      "2024-03": {
        "net_pnl": -5.202381107859661,
        "trades": 854,
        "win_rate": 57.494145199063226,
        "wins": 491
      },
      "2024-04": {
        "net_pnl": -4.1994812844093765,
        "trades": 773,
        "win_rate": 54.980595084087966,
        "wins": 425
      },
      "2024-05": {
        "net_pnl": -3.782563860891729,
        "trades": 614,
        "win_rate": 54.88599348534202,
        "wins": 337
      },
      "2024-06": {
        "net_pnl": -2.972751006556592,
        "trades": 406,
        "win_rate": 53.94088669950739,
        "wins": 219
      },
      "2024-07": {
        "net_pnl": -3.926020753252152,
        "trades": 627,
        "win_rate": 55.34290271132376,
        "wins": 347
      },
      "2024-08": {
        "net_pnl": -3.7029580262670203,
        "trades": 839,
        "win_rate": 56.853396901072706,
        "wins": 477
      },
      "2024-09": {
        "net_pnl": -2.276589919991108,
        "trades": 536,
        "win_rate": 55.78358208955224,
        "wins": 299
      },
      "2024-10": {
        "net_pnl": -3.179160712248074,
        "trades": 533,
        "win_rate": 49.906191369606,
        "wins": 266
      },
      "2024-11": {
        "net_pnl": -5.65524053696748,
        "trades": 861,
        "win_rate": 55.51684088269454,
        "wins": 478
      },
      "2024-12": {
        "net_pnl": -6.242968224506309,
        "trades": 807,
        "win_rate": 54.646840148698885,
        "wins": 441
      },
      "2025-01": {
        "net_pnl": -6.174076291711486,
        "trades": 809,
        "win_rate": 51.668726823238565,
        "wins": 418
      },
      "2025-02": {
        "net_pnl": -5.328230709732124,
        "trades": 955,
        "win_rate": 55.183246073298434,
        "wins": 527
      },
      "2025-03": {
        "net_pnl": -3.31081302478335,
        "trades": 866,
        "win_rate": 57.159353348729795,
        "wins": 495
      },
      "2025-04": {
        "net_pnl": -2.2912261022072276,
        "trades": 836,
        "win_rate": 56.57894736842105,
        "wins": 473
      },
      "2025-05": {
        "net_pnl": -3.7467295502020295,
        "trades": 910,
        "win_rate": 57.692307692307686,
        "wins": 525
      },
      "2025-06": {
        "net_pnl": -2.925255668527425,
        "trades": 655,
        "win_rate": 55.72519083969466,
        "wins": 365
      },
      "2025-07": {
        "net_pnl": -4.4523351119781065,
        "trades": 698,
        "win_rate": 55.44412607449857,
        "wins": 387
      },
      "2025-08": {
        "net_pnl": -8.322353739011186,
        "trades": 844,
        "win_rate": 53.672985781990526,
        "wins": 453
      },
      "2025-09": {
        "net_pnl": -4.342762247241879,
        "trades": 472,
        "win_rate": 51.90677966101694,
        "wins": 245
      },
      "2025-10": {
        "net_pnl": -6.15498175483341,
        "trades": 768,
        "win_rate": 54.947916666666664,
        "wins": 422
      },
      "2025-11": {
        "net_pnl": -5.8380399698046475,
        "trades": 876,
        "win_rate": 54.337899543378995,
        "wins": 476
      },
      "2025-12": {
        "net_pnl": -3.7977019471871643,
        "trades": 657,
        "win_rate": 54.64231354642314,
        "wins": 359
      },
      "2026-01": {
        "net_pnl": -2.9017083700688966,
        "trades": 563,
        "win_rate": 57.37122557726465,
        "wins": 323
      },
      "2026-02": {
        "net_pnl": -3.6461116157614404,
        "trades": 973,
        "win_rate": 56.83453237410072,
        "wins": 553
      },
      "2026-03": {
        "net_pnl": -2.0508195914100873,
        "trades": 782,
        "win_rate": 60.61381074168798,
        "wins": 474
      },
      "2026-04": {
        "net_pnl": -1.4095665179625683,
        "trades": 454,
        "win_rate": 60.352422907488986,
        "wins": 274
      }
    },
    "by_outcome": {
      "sl": {
        "net_pnl": -184.4299583689452,
        "trades": 8439
      },
      "timeout": {
        "net_pnl": -3.2473071468263917,
        "trades": 540
      },
      "tp": {
        "net_pnl": 0.0,
        "trades": 0
      },
      "trailing": {
        "net_pnl": 74.95350946795826,
        "trades": 11062
      }
    },
    "by_side": {
      "long": {
        "net_pnl": -83.10935070184536,
        "trades": 14382,
        "win_rate": 55.54164928382701
      },
      "short": {
        "net_pnl": -29.614405345967963,
        "trades": 5659,
        "win_rate": 56.034635094539674
      }
    },
    "by_year": {
      "2024": {
        "net_pnl": -46.031043835390236,
        "trades": 7923,
        "win_rate": 55.408304934999364,
        "wins": 4390
      },
      "2025": {
        "net_pnl": -56.68450611722004,
        "trades": 9346,
        "win_rate": 55.050288893644336,
        "wins": 5145
      },
      "2026": {
        "net_pnl": -10.008206095203018,
        "trades": 2772,
        "win_rate": 58.58585858585859,
        "wins": 1624
      }
    }
  },
  "config": {
    "confidence": 0.3,
    "custom_fee_pct": 0.00055,
    "data_path": "data/normalized/bybit/ETHUSDT/5m/bybit_ETHUSDT_5m_20240101T000500Z_20260425T235500Z.csv",
    "date_end": null,
    "date_start": null,
    "exit_mode": "atr_trailing",
    "fee_mode": "taker",
    "funding_mode": "none",
    "initial_balance": 1000.0,
    "interval_minutes": 5,
    "look_ahead": 36,
    "maker_fee_pct": 0.0002,
    "model_path": "monster_v4_2.json",
    "order_qty": 0.001,
    "same_candle_policy": "conservative",
    "sl_pct": 0.006,
    "slippage_bps": 2.0,
    "source": "bybit",
    "spread_bps": 2.0,
    "symbol": "ETHUSDT",
    "taker_fee_pct": 0.00055,
    "tp_pct": 0.012,
    "trailing": {
      "activation_pct": 0.004,
      "atr_mult": 1.4,
      "atr_period": 14,
      "keep_fixed_tp": false,
      "min_lock_pct": 0.0015
    }
  },
  "data_quality": {
    "duplicate_timestamps_count": 0,
    "expected_5m_rows": 243647,
    "gaps_first_5": [],
    "missing_candles_count": 0,
    "row_count": 243647,
    "timestamp_max_utc": "2026-04-25T23:55:00+00:00",
    "timestamp_min_utc": "2024-01-01T00:05:00+00:00"
  },
  "generated_at_utc": "2026-04-26T14:52:40.267544+00:00",
  "outcomes": {
    "skipped_no_atr": 0,
    "sl": 8439,
    "timeout": 540,
    "tp": 0,
    "trailing": 11062,
    "trailing_activated": 11091
  },
  "signals": {
    "long_signals_above_threshold": 119055,
    "no_signal_rows": 4583,
    "short_signals_above_threshold": 119722,
    "total_signal_rows": 243360
  },
  "summary": {
    "avg_duration_candles": 8.96816526121451,
    "avg_duration_minutes": 44.84082630607255,
    "avg_loss_net": -0.02117771755406348,
    "avg_trade_net": -0.00562465725501788,
    "avg_win_net": 0.006754792657709339,
    "best_trade_net": 0.2716255488601005,
    "expectancy_net": -0.00562465725501788,
    "fees_paid": 64.63379853608252,
    "final_balance": 887.2762439521866,
    "funding_paid": 0.0,
    "long_net_pnl": -83.10935070184536,
    "long_trades": 14382,
    "longest_losing_streak": 11,
    "max_drawdown_pct": 11.272375604781915,
    "max_drawdown_usdt": 112.72375604781917,
    "profit_factor_net": 0.40072586915244396,
    "short_net_pnl": -29.614405345967963,
    "short_trades": 5659,
    "sl_count": 8439,
    "spread_slippage_cost_estimate": 35.25479804633129,
    "timeout_count": 540,
    "total_gross_pnl": -48.08995751173081,
    "total_net_pnl": -112.72375604781334,
    "tp_count": 0,
    "trades_total": 20041,
    "trailing_count": 11062,
    "turnover_notional": 58770.849597874,
    "win_rate_net": 55.68085424878998,
    "worst_trade_net": -0.03651654483978148
  }
}