{
  "breakdowns": {
    "by_month": {
      "2024-01": {
        "net_pnl": -0.4909673259256645,
        "trades": 101,
        "win_rate": 35.64356435643564,
        "wins": 36
      },
      "2024-02": {
        "net_pnl": -0.8144254341433173,
        "trades": 89,
        "win_rate": 29.213483146067414,
        "wins": 26
      },
      "2024-03": {
        "net_pnl": -1.9864452699348656,
        "trades": 208,
        "win_rate": 22.596153846153847,
        "wins": 47
      },
      "2024-04": {
        "net_pnl": -1.2481509219354971,
        "trades": 168,
        "win_rate": 25.595238095238095,
        "wins": 43
      },
      "2024-05": {
        "net_pnl": -0.46437255973966957,
        "trades": 79,
        "win_rate": 37.9746835443038,
        "wins": 30
      },
      "2024-06": {
        "net_pnl": -0.42275728350438374,
        "trades": 45,
        "win_rate": 26.666666666666668,
        "wins": 12
      },
      "2024-07": {
        "net_pnl": -1.2222650487416682,
        "trades": 111,
        "win_rate": 25.225225225225223,
        "wins": 28
      },
      "2024-08": {
        "net_pnl": -1.1700142471543225,
        "trades": 187,
        "win_rate": 20.32085561497326,
        "wins": 38
      },
      "2024-09": {
        "net_pnl": -0.4136315809371449,
        "trades": 84,
        "win_rate": 30.952380952380953,
        "wins": 26
      },
      "2024-10": {
        "net_pnl": -0.5741771677636802,
        "trades": 54,
        "win_rate": 27.77777777777778,
        "wins": 15
      },
      "2024-11": {
        "net_pnl": -1.7368225289313761,
        "trades": 176,
        "win_rate": 21.59090909090909,
        "wins": 38
      },
      "2024-12": {
        "net_pnl": -2.097206444017704,
        "trades": 176,
        "win_rate": 21.59090909090909,
        "wins": 38
      },
      "2025-01": {
        "net_pnl": -1.6126571266565257,
        "trades": 165,
        "win_rate": 23.636363636363637,
        "wins": 39
      },
      "2025-02": {
        "net_pnl": -1.9567272841829182,
        "trades": 231,
        "win_rate": 19.047619047619047,
        "wins": 44
      },
      "2025-03": {
        "net_pnl": -1.3188085575643793,
        "trades": 224,
        "win_rate": 19.196428571428573,
        "wins": 43
      },
      "2025-04": {
        "net_pnl": -0.8178639011943062,
        "trades": 202,
        "win_rate": 22.277227722772277,
        "wins": 45
      },
      "2025-05": {
        "net_pnl": -0.39747648512230993,
        "trades": 170,
        "win_rate": 34.11764705882353,
        "wins": 58
      },
      "2025-06": {
        "net_pnl": -0.9132568267294876,
        "trades": 151,
        "win_rate": 29.13907284768212,
        "wins": 44
      },
      "2025-07": {
        "net_pnl": -0.9698521731685612,
        "trades": 132,
        "win_rate": 28.030303030303028,
        "wins": 37
      },
      "2025-08": {
        "net_pnl": -2.1794529400478204,
        "trades": 149,
        "win_rate": 21.476510067114095,
        "wins": 32
      },
      "2025-09": {
        "net_pnl": -0.7926689630596383,
        "trades": 66,
        "win_rate": 27.27272727272727,
        "wins": 18
      },
      "2025-10": {
        "net_pnl": -1.4028025413812995,
        "trades": 165,
        "win_rate": 26.666666666666668,
        "wins": 44
      },
      "2025-11": {
        "net_pnl": -2.7011259832760044,
        "trades": 262,
        "win_rate": 19.46564885496183,
        "wins": 51
      },
      "2025-12": {
        "net_pnl": -1.2469171880054837,
        "trades": 151,
        "win_rate": 23.841059602649008,
        "wins": 36
      },
      "2026-01": {
        "net_pnl": -1.041080823821368,
        "trades": 134,
        "win_rate": 26.119402985074625,
        "wins": 35
      },
      "2026-02": {
        "net_pnl": -1.3786972980780852,
        "trades": 271,
        "win_rate": 22.878228782287824,
        "wins": 62
      },
      "2026-03": {
        "net_pnl": -0.5432307630775527,
        "trades": 139,
        "win_rate": 32.37410071942446,
        "wins": 45
      },
      "2026-04": {
        "net_pnl": -0.513839898835212,
        "trades": 66,
        "win_rate": 22.727272727272727,
        "wins": 15
      }
    },
    "by_outcome": {
      "sl": {
        "net_pnl": -43.74051489094384,
        "trades": 1937
      },
      "timeout": {
        "net_pnl": -0.4506531921152378,
        "trades": 60
      },
      "tp": {
        "net_pnl": 0.0,
        "trades": 0
      },
      "trailing": {
        "net_pnl": 11.76347351612883,
        "trades": 2159
      }
    },
    "by_side": {
      "long": {
        "net_pnl": -25.149421678276,
        "trades": 3251,
        "win_rate": 23.315902799138726
      },
      "short": {
        "net_pnl": -7.278272888654252,
        "trades": 905,
        "win_rate": 29.502762430939228
      }
    },
    "by_year": {
      "2024": {
        "net_pnl": -12.641235812729304,
        "trades": 1478,
        "win_rate": 25.50744248985115,
        "wins": 377
      },
      "2025": {
        "net_pnl": -16.30960997038872,
        "trades": 2068,
        "win_rate": 23.74274661508704,
        "wins": 491
      },
      "2026": {
        "net_pnl": -3.476848783812216,
        "trades": 610,
        "win_rate": 25.73770491803279,
        "wins": 157
      }
    }
  },
  "config": {
    "confidence": 0.6,
    "custom_fee_pct": 0.00055,
    "data_path": "data/normalized/bybit/ETHUSDT/5m/bybit_ETHUSDT_5m_20240101T000500Z_20260425T235500Z.csv",
    "date_end": null,
    "date_start": null,
    "exit_mode": "atr_trailing",
    "fee_mode": "taker",
    "funding_mode": "none",
    "initial_balance": 1000.0,
    "interval_minutes": 5,
    "look_ahead": 36,
    "maker_fee_pct": 0.0002,
    "model_path": "monster_v4_2.json",
    "order_qty": 0.001,
    "same_candle_policy": "conservative",
    "sl_pct": 0.006,
    "slippage_bps": 5.0,
    "source": "bybit",
    "spread_bps": 5.0,
    "symbol": "ETHUSDT",
    "taker_fee_pct": 0.00055,
    "tp_pct": 0.012,
    "trailing": {
      "activation_pct": 0.004,
      "atr_mult": 1.4,
      "atr_period": 14,
      "keep_fixed_tp": false,
      "min_lock_pct": 0.0015
    }
  },
  "data_quality": {
    "duplicate_timestamps_count": 0,
    "expected_5m_rows": 243647,
    "gaps_first_5": [],
    "missing_candles_count": 0,
    "row_count": 243647,
    "timestamp_max_utc": "2026-04-25T23:55:00+00:00",
    "timestamp_min_utc": "2024-01-01T00:05:00+00:00"
  },
  "generated_at_utc": "2026-04-26T14:54:01.850391+00:00",
  "outcomes": {
    "skipped_no_atr": 0,
    "sl": 1937,
    "timeout": 60,
    "tp": 0,
    "trailing": 2159,
    "trailing_activated": 2164
  },
  "signals": {
    "long_signals_above_threshold": 12135,
    "no_signal_rows": 227210,
    "short_signals_above_threshold": 4015,
    "total_signal_rows": 243360
  },
  "summary": {
    "avg_duration_candles": 6.501924927815207,
    "avg_duration_minutes": 32.50962463907604,
    "avg_loss_net": -0.014482279136539676,
    "avg_trade_net": -0.0078026214068648335,
    "avg_win_net": 0.012601289180073631,
    "best_trade_net": 0.2682826486502502,
    "expectancy_net": -0.0078026214068648335,
    "fees_paid": 13.094860653802915,
    "final_balance": 967.5723054330698,
    "funding_paid": 0.0,
    "long_net_pnl": -25.149421678276,
    "long_trades": 3251,
    "longest_losing_streak": 29,
    "max_drawdown_pct": 3.2427694566930767,
    "max_drawdown_usdt": 32.42769456693077,
    "profit_factor_net": 0.28485173029816896,
    "short_net_pnl": -7.278272888654252,
    "short_trades": 905,
    "sl_count": 1937,
    "spread_slippage_cost_estimate": 17.856627333909856,
    "timeout_count": 60,
    "total_gross_pnl": -19.332833913127335,
    "total_net_pnl": -32.42769456693025,
    "tp_count": 0,
    "trades_total": 4156,
    "trailing_count": 2159,
    "turnover_notional": 11909.793490955,
    "win_rate_net": 24.66313763233879,
    "worst_trade_net": -0.038313665476066655
  }
}