{
  "breakdowns": {
    "by_month": {
      "2024-01": {
        "net_pnl": -0.9901507895467413,
        "trades": 257,
        "win_rate": 35.797665369649806,
        "wins": 92
      },
      "2024-02": {
        "net_pnl": -1.402982685264143,
        "trades": 230,
        "win_rate": 32.17391304347826,
        "wins": 74
      },
      "2024-03": {
        "net_pnl": -3.7512553989991786,
        "trades": 463,
        "win_rate": 31.101511879049674,
        "wins": 144
      },
      "2024-04": {
        "net_pnl": -2.433535496776687,
        "trades": 362,
        "win_rate": 33.14917127071823,
        "wins": 120
      },
      "2024-05": {
        "net_pnl": -1.6156862502671283,
        "trades": 265,
        "win_rate": 33.9622641509434,
        "wins": 90
      },
      "2024-06": {
        "net_pnl": -2.0618819127211268,
        "trades": 195,
        "win_rate": 27.17948717948718,
        "wins": 53
      },
      "2024-07": {
        "net_pnl": -2.5996933836601097,
        "trades": 254,
        "win_rate": 27.95275590551181,
        "wins": 71
      },
      "2024-08": {
        "net_pnl": -1.7234565789177554,
        "trades": 442,
        "win_rate": 35.52036199095023,
        "wins": 157
      },
      "2024-09": {
        "net_pnl": -1.0035791798196367,
        "trades": 251,
        "win_rate": 37.05179282868526,
        "wins": 93
      },
      "2024-10": {
        "net_pnl": -2.0817856832163386,
        "trades": 262,
        "win_rate": 27.099236641221374,
        "wins": 71
      },
      "2024-11": {
        "net_pnl": -2.6242135205765855,
        "trades": 416,
        "win_rate": 32.93269230769231,
        "wins": 137
      },
      "2024-12": {
        "net_pnl": -3.641692896980493,
        "trades": 391,
        "win_rate": 29.923273657289002,
        "wins": 117
      }
    },
    "by_outcome": {
      "sl": {
        "net_pnl": -55.196464535044754,
        "trades": 2284
      },
      "timeout": {
        "net_pnl": 0.23618115382620383,
        "trades": 570
      },
      "tp": {
        "net_pnl": 29.030369604472625,
        "trades": 934
      },
      "trailing": {
        "net_pnl": 0.0,
        "trades": 0
      }
    },
    "by_side": {
      "long": {
        "net_pnl": -16.667842883841647,
        "trades": 2345,
        "win_rate": 32.45202558635395
      },
      "short": {
        "net_pnl": -9.262070892904276,
        "trades": 1443,
        "win_rate": 31.73943173943174
      }
    },
    "by_year": {
      "2024": {
        "net_pnl": -25.929913776745906,
        "trades": 3788,
        "win_rate": 32.1805702217529,
        "wins": 1219
      }
    }
  },
  "config": {
    "confidence": 0.45,
    "custom_fee_pct": 0.00055,
    "data_path": "data/normalized/bybit/ETHUSDT/5m/bybit_ETHUSDT_5m_20240101T000500Z_20260425T235500Z.csv",
    "date_end": "2025-01-01T00:00:00Z",
    "date_start": "2024-01-01T00:00:00Z",
    "exit_mode": "fixed",
    "fee_mode": "taker",
    "funding_mode": "none",
    "initial_balance": 1000.0,
    "interval_minutes": 5,
    "look_ahead": 36,
    "maker_fee_pct": 0.0002,
    "model_path": "monster_v4_2.json",
    "order_qty": 0.001,
    "same_candle_policy": "conservative",
    "sl_pct": 0.006,
    "slippage_bps": 5.0,
    "source": "bybit",
    "spread_bps": 5.0,
    "symbol": "ETHUSDT",
    "taker_fee_pct": 0.00055,
    "tp_pct": 0.012,
    "trailing": null
  },
  "data_quality": {
    "duplicate_timestamps_count": 0,
    "expected_5m_rows": 105407,
    "gaps_first_5": [],
    "missing_candles_count": 0,
    "row_count": 105407,
    "timestamp_max_utc": "2024-12-31T23:55:00+00:00",
    "timestamp_min_utc": "2024-01-01T00:05:00+00:00"
  },
  "generated_at_utc": "2026-04-26T14:50:09.436188+00:00",
  "outcomes": {
    "skipped_no_atr": 0,
    "sl": 2284,
    "timeout": 570,
    "tp": 934,
    "trailing": 0,
    "trailing_activated": 0
  },
  "signals": {
    "long_signals_above_threshold": 19050,
    "no_signal_rows": 71769,
    "short_signals_above_threshold": 14301,
    "total_signal_rows": 105120
  },
  "summary": {
    "avg_duration_candles": 13.890971488912355,
    "avg_duration_minutes": 69.45485744456177,
    "avg_loss_net": -0.022423454824010543,
    "avg_trade_net": -0.006845278188158904,
    "avg_win_net": 0.025985185944329095,
    "best_trade_net": 0.040878916594338795,
    "expectancy_net": -0.006845278188158904,
    "fees_paid": 12.775514010578837,
    "final_balance": 974.0700862232541,
    "funding_paid": 0.0,
    "long_net_pnl": -16.667842883841647,
    "long_trades": 2345,
    "longest_losing_streak": 19,
    "max_drawdown_pct": 2.5967183551464896,
    "max_drawdown_usdt": 25.96817714332815,
    "profit_factor_net": 0.5498736443128469,
    "short_net_pnl": -9.262070892904276,
    "short_trades": 1443,
    "sl_count": 2284,
    "spread_slippage_cost_estimate": 17.421157869021933,
    "timeout_count": 570,
    "total_gross_pnl": -13.154399766167087,
    "total_net_pnl": -25.929913776745927,
    "tp_count": 934,
    "trades_total": 3788,
    "trailing_count": 0,
    "turnover_notional": 11616.285823407501,
    "win_rate_net": 32.1805702217529,
    "worst_trade_net": -0.032073432674545724
  }
}