{
  "breakdowns": {
    "by_month": {
      "2024-01": {
        "net_pnl": -0.47305376993438236,
        "trades": 261,
        "win_rate": 66.66666666666666,
        "wins": 174
      },
      "2024-02": {
        "net_pnl": -0.7591352288787941,
        "trades": 207,
        "win_rate": 60.86956521739131,
        "wins": 126
      },
      "2024-03": {
        "net_pnl": -2.7091942487210177,
        "trades": 447,
        "win_rate": 56.59955257270693,
        "wins": 253
      },
      "2024-04": {
        "net_pnl": -1.4129293769348643,
        "trades": 347,
        "win_rate": 58.501440922190206,
        "wins": 203
      },
      "2024-05": {
        "net_pnl": -0.9157372284860981,
        "trades": 250,
        "win_rate": 60.8,
        "wins": 152
      },
      "2024-06": {
        "net_pnl": -1.2252837717688847,
        "trades": 149,
        "win_rate": 52.348993288590606,
        "wins": 78
      },
      "2024-07": {
        "net_pnl": -1.6125388358430763,
        "trades": 228,
        "win_rate": 51.75438596491229,
        "wins": 118
      },
      "2024-08": {
        "net_pnl": -1.4351463736174834,
        "trades": 430,
        "win_rate": 58.6046511627907,
        "wins": 252
      },
      "2024-09": {
        "net_pnl": -0.5246417760234232,
        "trades": 235,
        "win_rate": 60.42553191489362,
        "wins": 142
      },
      "2024-10": {
        "net_pnl": -1.070562594276349,
        "trades": 199,
        "win_rate": 53.266331658291456,
        "wins": 106
      },
      "2024-11": {
        "net_pnl": -2.4629133244759758,
        "trades": 389,
        "win_rate": 57.0694087403599,
        "wins": 222
      },
      "2024-12": {
        "net_pnl": -2.251992038472132,
        "trades": 367,
        "win_rate": 56.94822888283378,
        "wins": 209
      }
    },
    "by_outcome": {
      "sl": {
        "net_pnl": -32.32277391122998,
        "trades": 1425
      },
      "timeout": {
        "net_pnl": -0.3813640606559388,
        "trades": 65
      },
      "tp": {
        "net_pnl": 5.511153808124315,
        "trades": 173
      },
      "trailing": {
        "net_pnl": 10.339855596329125,
        "trades": 1846
      }
    },
    "by_side": {
      "long": {
        "net_pnl": -11.198395586035156,
        "trades": 2274,
        "win_rate": 57.56376429199648
      },
      "short": {
        "net_pnl": -5.654732981397324,
        "trades": 1235,
        "win_rate": 58.78542510121457
      }
    },
    "by_year": {
      "2024": {
        "net_pnl": -16.85312856743248,
        "trades": 3509,
        "win_rate": 57.993730407523515,
        "wins": 2035
      }
    }
  },
  "config": {
    "confidence": 0.51,
    "custom_fee_pct": 0.00055,
    "data_path": "data/normalized/bybit/ETHUSDT/5m/bybit_ETHUSDT_5m_20240101T000500Z_20260425T235500Z.csv",
    "date_end": "2025-01-01T00:00:00Z",
    "date_start": "2024-01-01T00:00:00Z",
    "exit_mode": "atr_trailing",
    "fee_mode": "taker",
    "funding_mode": "none",
    "initial_balance": 1000.0,
    "interval_minutes": 5,
    "look_ahead": 36,
    "maker_fee_pct": 0.0002,
    "model_path": "monster_v4_2.json",
    "order_qty": 0.001,
    "same_candle_policy": "conservative",
    "sl_pct": 0.006,
    "slippage_bps": 2.0,
    "source": "bybit",
    "spread_bps": 2.0,
    "symbol": "ETHUSDT",
    "taker_fee_pct": 0.00055,
    "tp_pct": 0.012,
    "trailing": {
      "activation_pct": 0.004,
      "atr_mult": 1.4,
      "atr_period": 14,
      "keep_fixed_tp": true,
      "min_lock_pct": 0.0015
    }
  },
  "data_quality": {
    "duplicate_timestamps_count": 0,
    "expected_5m_rows": 105407,
    "gaps_first_5": [],
    "missing_candles_count": 0,
    "row_count": 105407,
    "timestamp_max_utc": "2024-12-31T23:55:00+00:00",
    "timestamp_min_utc": "2024-01-01T00:05:00+00:00"
  },
  "generated_at_utc": "2026-04-26T14:51:55.278043+00:00",
  "outcomes": {
    "skipped_no_atr": 0,
    "sl": 1425,
    "timeout": 65,
    "tp": 173,
    "trailing": 1846,
    "trailing_activated": 1965
  },
  "signals": {
    "long_signals_above_threshold": 9765,
    "no_signal_rows": 88130,
    "short_signals_above_threshold": 7225,
    "total_signal_rows": 105120
  },
  "summary": {
    "avg_duration_candles": 7.741236819606725,
    "avg_duration_minutes": 38.706184098033624,
    "avg_loss_net": -0.02223654569795636,
    "avg_trade_net": -0.004802829457803499,
    "avg_win_net": 0.00782483527830722,
    "best_trade_net": 0.2333970097458802,
    "expectancy_net": -0.004802829457803499,
    "fees_paid": 11.79477704624923,
    "final_balance": 983.1468714325675,
    "funding_paid": 0.0,
    "long_net_pnl": -11.198395586035156,
    "long_trades": 2274,
    "longest_losing_streak": 8,
    "max_drawdown_pct": 1.6901623386631037,
    "max_drawdown_usdt": 16.902457119235805,
    "profit_factor_net": 0.4858193522614683,
    "short_net_pnl": -5.654732981397324,
    "short_trades": 1235,
    "sl_count": 1425,
    "spread_slippage_cost_estimate": 6.433514876263575,
    "timeout_count": 65,
    "total_gross_pnl": -5.0583515211832495,
    "total_net_pnl": -16.853128567432478,
    "tp_count": 173,
    "trades_total": 3509,
    "trailing_count": 1846,
    "turnover_notional": 10723.544827278,
    "win_rate_net": 57.993730407523515,
    "worst_trade_net": -0.030145789081899126
  }
}