{
  "breakdowns": {
    "by_month": {
      "2025-01": {
        "net_pnl": -3.4786942272063603,
        "trades": 359,
        "win_rate": 26.46239554317549,
        "wins": 95
      },
      "2025-02": {
        "net_pnl": -3.5267671596496903,
        "trades": 544,
        "win_rate": 24.448529411764707,
        "wins": 133
      },
      "2025-03": {
        "net_pnl": -2.5778261768363535,
        "trades": 456,
        "win_rate": 22.149122807017545,
        "wins": 101
      },
      "2025-04": {
        "net_pnl": -1.628584290456599,
        "trades": 438,
        "win_rate": 25.799086757990867,
        "wins": 113
      },
      "2025-05": {
        "net_pnl": -2.143744381772165,
        "trades": 422,
        "win_rate": 27.96208530805687,
        "wins": 118
      },
      "2025-06": {
        "net_pnl": -1.646962006650925,
        "trades": 313,
        "win_rate": 32.587859424920126,
        "wins": 102
      },
      "2025-07": {
        "net_pnl": -2.718449802870762,
        "trades": 320,
        "win_rate": 28.4375,
        "wins": 91
      },
      "2025-08": {
        "net_pnl": -4.836136779816121,
        "trades": 346,
        "win_rate": 21.965317919075144,
        "wins": 76
      },
      "2025-09": {
        "net_pnl": -1.8183513599535726,
        "trades": 171,
        "win_rate": 33.33333333333333,
        "wins": 57
      },
      "2025-10": {
        "net_pnl": -3.5305076595641895,
        "trades": 361,
        "win_rate": 24.930747922437675,
        "wins": 90
      },
      "2025-11": {
        "net_pnl": -4.270147178392035,
        "trades": 505,
        "win_rate": 21.584158415841586,
        "wins": 109
      },
      "2025-12": {
        "net_pnl": -2.092727841672267,
        "trades": 301,
        "win_rate": 28.903654485049834,
        "wins": 87
      }
    },
    "by_outcome": {
      "sl": {
        "net_pnl": -48.07800758662402,
        "trades": 2088
      },
      "timeout": {
        "net_pnl": -0.6277418658336145,
        "trades": 58
      },
      "tp": {
        "net_pnl": 7.714168336964444,
        "trades": 273
      },
      "trailing": {
        "net_pnl": 6.722682250652151,
        "trades": 2117
      }
    },
    "by_side": {
      "long": {
        "net_pnl": -23.15441002719587,
        "trades": 3036,
        "win_rate": 24.50592885375494
      },
      "short": {
        "net_pnl": -11.11448883764517,
        "trades": 1500,
        "win_rate": 28.53333333333333
      }
    },
    "by_year": {
      "2025": {
        "net_pnl": -34.26889886484101,
        "trades": 4536,
        "win_rate": 25.83774250440917,
        "wins": 1172
      }
    }
  },
  "config": {
    "confidence": 0.51,
    "custom_fee_pct": 0.00055,
    "data_path": "data/normalized/bybit/ETHUSDT/5m/bybit_ETHUSDT_5m_20240101T000500Z_20260425T235500Z.csv",
    "date_end": "2026-01-01T00:00:00Z",
    "date_start": "2025-01-01T00:00:00Z",
    "exit_mode": "atr_trailing",
    "fee_mode": "taker",
    "funding_mode": "none",
    "initial_balance": 1000.0,
    "interval_minutes": 5,
    "look_ahead": 36,
    "maker_fee_pct": 0.0002,
    "model_path": "monster_v4_2.json",
    "order_qty": 0.001,
    "same_candle_policy": "conservative",
    "sl_pct": 0.006,
    "slippage_bps": 5.0,
    "source": "bybit",
    "spread_bps": 5.0,
    "symbol": "ETHUSDT",
    "taker_fee_pct": 0.00055,
    "tp_pct": 0.012,
    "trailing": {
      "activation_pct": 0.004,
      "atr_mult": 1.4,
      "atr_period": 14,
      "keep_fixed_tp": true,
      "min_lock_pct": 0.0015
    }
  },
  "data_quality": {
    "duplicate_timestamps_count": 0,
    "expected_5m_rows": 105120,
    "gaps_first_5": [],
    "missing_candles_count": 0,
    "row_count": 105120,
    "timestamp_max_utc": "2025-12-31T23:55:00+00:00",
    "timestamp_min_utc": "2025-01-01T00:00:00+00:00"
  },
  "generated_at_utc": "2026-04-26T14:52:04.560897+00:00",
  "outcomes": {
    "skipped_no_atr": 0,
    "sl": 2088,
    "timeout": 58,
    "tp": 273,
    "trailing": 2117,
    "trailing_activated": 2286
  },
  "signals": {
    "long_signals_above_threshold": 12914,
    "no_signal_rows": 83938,
    "short_signals_above_threshold": 7981,
    "total_signal_rows": 104833
  },
  "summary": {
    "avg_duration_candles": 6.488977072310406,
    "avg_duration_minutes": 32.44488536155203,
    "avg_loss_net": -0.014839859011360526,
    "avg_trade_net": -0.007554871883783297,
    "avg_win_net": 0.01335527888171994,
    "best_trade_net": 0.06488192210858747,
    "expectancy_net": -0.007554871883783297,
    "fees_paid": 14.604564131162629,
    "final_balance": 965.731101135159,
    "funding_paid": 0.0,
    "long_net_pnl": -23.15441002719587,
    "long_trades": 3036,
    "longest_losing_streak": 23,
    "max_drawdown_pct": 3.429302759680683,
    "max_drawdown_usdt": 34.29332968660026,
    "profit_factor_net": 0.3135413406413572,
    "short_net_pnl": -11.11448883764517,
    "short_trades": 1500,
    "sl_count": 2088,
    "spread_slippage_cost_estimate": 19.915314865488284,
    "timeout_count": 58,
    "total_gross_pnl": -19.66433473367841,
    "total_net_pnl": -34.268898864841034,
    "tp_count": 273,
    "trades_total": 4536,
    "trailing_count": 2117,
    "turnover_notional": 13280.63092664,
    "win_rate_net": 25.83774250440917,
    "worst_trade_net": -0.03825480794118596
  }
}