{
  "breakdowns": {
    "by_month": {
      "2024-01": {
        "net_pnl": -2.1916681229320134,
        "trades": 390,
        "win_rate": 34.1025641025641,
        "wins": 133
      },
      "2024-02": {
        "net_pnl": -2.3731322222007725,
        "trades": 330,
        "win_rate": 36.06060606060606,
        "wins": 119
      },
      "2024-03": {
        "net_pnl": -6.6328994120904845,
        "trades": 629,
        "win_rate": 25.914149443561207,
        "wins": 163
      },
      "2024-04": {
        "net_pnl": -3.7224109216990113,
        "trades": 517,
        "win_rate": 29.206963249516445,
        "wins": 151
      },
      "2024-05": {
        "net_pnl": -2.8719487904443803,
        "trades": 390,
        "win_rate": 35.128205128205124,
        "wins": 137
      },
      "2024-06": {
        "net_pnl": -3.0836790440013733,
        "trades": 282,
        "win_rate": 29.078014184397162,
        "wins": 82
      },
      "2024-07": {
        "net_pnl": -3.5087766282213626,
        "trades": 365,
        "win_rate": 30.41095890410959,
        "wins": 111
      },
      "2024-08": {
        "net_pnl": -3.6433263631187107,
        "trades": 609,
        "win_rate": 27.586206896551722,
        "wins": 168
      },
      "2024-09": {
        "net_pnl": -2.0606166407890876,
        "trades": 364,
        "win_rate": 38.73626373626374,
        "wins": 141
      },
      "2024-10": {
        "net_pnl": -2.922093382681485,
        "trades": 356,
        "win_rate": 30.337078651685395,
        "wins": 108
      },
      "2024-11": {
        "net_pnl": -5.18756452022655,
        "trades": 588,
        "win_rate": 26.53061224489796,
        "wins": 156
      },
      "2024-12": {
        "net_pnl": -5.15095734095443,
        "trades": 545,
        "win_rate": 27.706422018348626,
        "wins": 151
      },
      "2025-01": {
        "net_pnl": -4.81242364001802,
        "trades": 512,
        "win_rate": 27.5390625,
        "wins": 141
      },
      "2025-02": {
        "net_pnl": -4.746612277895119,
        "trades": 716,
        "win_rate": 25.69832402234637,
        "wins": 184
      },
      "2025-03": {
        "net_pnl": -3.920504825171343,
        "trades": 635,
        "win_rate": 22.04724409448819,
        "wins": 140
      },
      "2025-04": {
        "net_pnl": -2.164692073929059,
        "trades": 570,
        "win_rate": 27.192982456140353,
        "wins": 155
      },
      "2025-05": {
        "net_pnl": -3.1811288824605892,
        "trades": 610,
        "win_rate": 29.67213114754098,
        "wins": 181
      },
      "2025-06": {
        "net_pnl": -2.809755869591481,
        "trades": 443,
        "win_rate": 31.82844243792325,
        "wins": 141
      },
      "2025-07": {
        "net_pnl": -4.594232770433039,
        "trades": 483,
        "win_rate": 28.157349896480333,
        "wins": 136
      },
      "2025-08": {
        "net_pnl": -6.789315171033577,
        "trades": 525,
        "win_rate": 23.42857142857143,
        "wins": 123
      },
      "2025-09": {
        "net_pnl": -3.269619876340607,
        "trades": 289,
        "win_rate": 34.94809688581315,
        "wins": 101
      },
      "2025-10": {
        "net_pnl": -4.9202159585849135,
        "trades": 516,
        "win_rate": 27.51937984496124,
        "wins": 142
      },
      "2025-11": {
        "net_pnl": -5.612738072233549,
        "trades": 637,
        "win_rate": 22.448979591836736,
        "wins": 143
      },
      "2025-12": {
        "net_pnl": -3.55559893721205,
        "trades": 441,
        "win_rate": 27.66439909297052,
        "wins": 122
      },
      "2026-01": {
        "net_pnl": -2.831169321694849,
        "trades": 397,
        "win_rate": 32.49370277078086,
        "wins": 129
      },
      "2026-02": {
        "net_pnl": -3.301900802238469,
        "trades": 696,
        "win_rate": 26.580459770114945,
        "wins": 185
      },
      "2026-03": {
        "net_pnl": -2.219748013319585,
        "trades": 520,
        "win_rate": 31.346153846153847,
        "wins": 163
      },
      "2026-04": {
        "net_pnl": -1.6009697757684676,
        "trades": 294,
        "win_rate": 36.054421768707485,
        "wins": 106
      }
    },
    "by_outcome": {
      "sl": {
        "net_pnl": -141.86136820004515,
        "trades": 6184
      },
      "timeout": {
        "net_pnl": -2.6087179459099508,
        "trades": 298
      },
      "tp": {
        "net_pnl": 0.0,
        "trades": 0
      },
      "trailing": {
        "net_pnl": 40.790386488670734,
        "trades": 7167
      }
    },
    "by_side": {
      "long": {
        "net_pnl": -65.77953110587907,
        "trades": 8416,
        "win_rate": 27.103136882129274
      },
      "short": {
        "net_pnl": -37.900168551405294,
        "trades": 5233,
        "win_rate": 31.16759029237531
      }
    },
    "by_year": {
      "2024": {
        "net_pnl": -43.34907338935984,
        "trades": 5365,
        "win_rate": 30.195712954333644,
        "wins": 1620
      },
      "2025": {
        "net_pnl": -50.37683835490321,
        "trades": 6377,
        "win_rate": 26.799435471224715,
        "wins": 1709
      },
      "2026": {
        "net_pnl": -9.95378791302138,
        "trades": 1907,
        "win_rate": 30.571578395385423,
        "wins": 583
      }
    }
  },
  "config": {
    "confidence": 0.45,
    "custom_fee_pct": 0.00055,
    "data_path": "data/normalized/bybit/ETHUSDT/5m/bybit_ETHUSDT_5m_20240101T000500Z_20260425T235500Z.csv",
    "date_end": null,
    "date_start": null,
    "exit_mode": "atr_trailing",
    "fee_mode": "taker",
    "funding_mode": "none",
    "initial_balance": 1000.0,
    "interval_minutes": 5,
    "look_ahead": 36,
    "maker_fee_pct": 0.0002,
    "model_path": "monster_v4_2.json",
    "order_qty": 0.001,
    "same_candle_policy": "conservative",
    "sl_pct": 0.006,
    "slippage_bps": 5.0,
    "source": "bybit",
    "spread_bps": 5.0,
    "symbol": "ETHUSDT",
    "taker_fee_pct": 0.00055,
    "tp_pct": 0.012,
    "trailing": {
      "activation_pct": 0.004,
      "atr_mult": 1.4,
      "atr_period": 14,
      "keep_fixed_tp": false,
      "min_lock_pct": 0.0015
    }
  },
  "data_quality": {
    "duplicate_timestamps_count": 0,
    "expected_5m_rows": 243647,
    "gaps_first_5": [],
    "missing_candles_count": 0,
    "row_count": 243647,
    "timestamp_max_utc": "2026-04-25T23:55:00+00:00",
    "timestamp_min_utc": "2024-01-01T00:05:00+00:00"
  },
  "generated_at_utc": "2026-04-26T14:53:17.951086+00:00",
  "outcomes": {
    "skipped_no_atr": 0,
    "sl": 6184,
    "timeout": 298,
    "tp": 0,
    "trailing": 7167,
    "trailing_activated": 7186
  },
  "signals": {
    "long_signals_above_threshold": 46755,
    "no_signal_rows": 161978,
    "short_signals_above_threshold": 34627,
    "total_signal_rows": 243360
  },
  "summary": {
    "avg_duration_candles": 7.92292475639241,
    "avg_duration_minutes": 39.61462378196205,
    "avg_loss_net": -0.015178452277486256,
    "avg_trade_net": -0.00759613888616634,
    "avg_win_net": 0.011276301167842355,
    "best_trade_net": 0.2682826486502502,
    "expectancy_net": -0.00759613888616634,
    "fees_paid": 43.709170560079656,
    "final_balance": 896.3203003427157,
    "funding_paid": 0.0,
    "long_net_pnl": -65.77953110587907,
    "long_trades": 8416,
    "longest_losing_streak": 27,
    "max_drawdown_pct": 10.368492838732877,
    "max_drawdown_usdt": 103.68553324215884,
    "profit_factor_net": 0.29847836228168984,
    "short_net_pnl": -37.900168551405294,
    "short_trades": 5233,
    "sl_count": 6184,
    "spread_slippage_cost_estimate": 59.60341419360434,
    "timeout_count": 298,
    "total_gross_pnl": -59.97052909720472,
    "total_net_pnl": -103.67969965728437,
    "tp_count": 0,
    "trades_total": 13649,
    "trailing_count": 7167,
    "turnover_notional": 39744.640690005006,
    "win_rate_net": 28.661440398563997,
    "worst_trade_net": -0.038215098724319274
  }
}