{
  "breakdowns": {
    "by_month": {
      "2025-01": {
        "net_pnl": -0.4488728150000016,
        "trades": 351,
        "win_rate": 59.54415954415955,
        "wins": 209
      },
      "2025-02": {
        "net_pnl": -0.07887446500000486,
        "trades": 501,
        "win_rate": 59.2814371257485,
        "wins": 297
      },
      "2025-03": {
        "net_pnl": -0.26686118500000106,
        "trades": 430,
        "win_rate": 59.53488372093023,
        "wins": 256
      },
      "2025-04": {
        "net_pnl": 0.02027987499999316,
        "trades": 403,
        "win_rate": 60.545905707196034,
        "wins": 244
      },
      "2025-05": {
        "net_pnl": 0.5196241400000018,
        "trades": 417,
        "win_rate": 64.98800959232614,
        "wins": 271
      },
      "2025-06": {
        "net_pnl": 0.20934871999999485,
        "trades": 317,
        "win_rate": 63.722397476340696,
        "wins": 202
      },
      "2025-07": {
        "net_pnl": -0.21319708500000104,
        "trades": 315,
        "win_rate": 58.730158730158735,
        "wins": 185
      },
      "2025-08": {
        "net_pnl": -0.848545210000005,
        "trades": 339,
        "win_rate": 54.572271386430685,
        "wins": 185
      },
      "2025-09": {
        "net_pnl": 0.20410930500000093,
        "trades": 171,
        "win_rate": 61.40350877192983,
        "wins": 105
      },
      "2025-10": {
        "net_pnl": 0.9035108099999933,
        "trades": 340,
        "win_rate": 66.47058823529412,
        "wins": 226
      },
      "2025-11": {
        "net_pnl": -0.2055372149999935,
        "trades": 455,
        "win_rate": 59.120879120879124,
        "wins": 269
      },
      "2025-12": {
        "net_pnl": 0.005749550000003229,
        "trades": 301,
        "win_rate": 60.797342192691026,
        "wins": 183
      }
    },
    "by_outcome": {
      "sl": {
        "net_pnl": -29.64221694,
        "trades": 1676
      },
      "timeout": {
        "net_pnl": -0.1443799999999999,
        "trades": 53
      },
      "tp": {
        "net_pnl": 0.0,
        "trades": 0
      },
      "trailing": {
        "net_pnl": 29.587331364999983,
        "trades": 2611
      }
    },
    "by_side": {
      "long": {
        "net_pnl": -0.5217476600000095,
        "trades": 2877,
        "win_rate": 60.47966631908238
      },
      "short": {
        "net_pnl": 0.3224820849999899,
        "trades": 1463,
        "win_rate": 60.97060833902938
      }
    },
    "by_year": {
      "2025": {
        "net_pnl": -0.19926557500001754,
        "trades": 4340,
        "win_rate": 60.64516129032258,
        "wins": 2632
      }
    }
  },
  "config": {
    "confidence": 0.51,
    "custom_fee_pct": 0.00055,
    "data_path": "data/normalized/bybit/ETHUSDT/5m/bybit_ETHUSDT_5m_20240101T000500Z_20260425T235500Z.csv",
    "date_end": "2026-01-01T00:00:00Z",
    "date_start": "2025-01-01T00:00:00Z",
    "exit_mode": "atr_trailing",
    "fee_mode": "taker",
    "funding_mode": "none",
    "initial_balance": 1000.0,
    "interval_minutes": 5,
    "look_ahead": 36,
    "maker_fee_pct": 0.0002,
    "model_path": "monster_v4_2.json",
    "order_qty": 0.001,
    "same_candle_policy": "conservative",
    "sl_pct": 0.006,
    "slippage_bps": 0.0,
    "source": "bybit",
    "spread_bps": 0.0,
    "symbol": "ETHUSDT",
    "taker_fee_pct": 0.0,
    "tp_pct": 0.012,
    "trailing": {
      "activation_pct": 0.004,
      "atr_mult": 1.4,
      "atr_period": 14,
      "keep_fixed_tp": false,
      "min_lock_pct": 0.0015
    }
  },
  "data_quality": {
    "duplicate_timestamps_count": 0,
    "expected_5m_rows": 105120,
    "gaps_first_5": [],
    "missing_candles_count": 0,
    "row_count": 105120,
    "timestamp_max_utc": "2025-12-31T23:55:00+00:00",
    "timestamp_min_utc": "2025-01-01T00:00:00+00:00"
  },
  "generated_at_utc": "2026-04-26T14:53:29.513918+00:00",
  "outcomes": {
    "skipped_no_atr": 0,
    "sl": 1676,
    "timeout": 53,
    "tp": 0,
    "trailing": 2611,
    "trailing_activated": 2614
  },
  "signals": {
    "long_signals_above_threshold": 12914,
    "no_signal_rows": 83938,
    "short_signals_above_threshold": 7981,
    "total_signal_rows": 104833
  },
  "summary": {
    "avg_duration_candles": 6.895852534562212,
    "avg_duration_minutes": 34.47926267281106,
    "avg_loss_net": -0.017504717177985952,
    "avg_trade_net": -4.591372695852992e-05,
    "avg_win_net": 0.011283735321048627,
    "best_trade_net": 0.2779400000000001,
    "expectancy_net": -4.591372695852992e-05,
    "fees_paid": 0.0,
    "final_balance": 999.800734425,
    "funding_paid": 0.0,
    "long_net_pnl": -0.5217476600000095,
    "long_trades": 2877,
    "longest_losing_streak": 10,
    "max_drawdown_pct": 0.16044722575561393,
    "max_drawdown_usdt": 1.6050148700016962,
    "profit_factor_net": 0.9933351663822197,
    "short_net_pnl": 0.3224820849999899,
    "short_trades": 1463,
    "sl_count": 1676,
    "spread_slippage_cost_estimate": 0.0,
    "timeout_count": 53,
    "total_gross_pnl": -0.19926557500001985,
    "total_net_pnl": -0.19926557500001985,
    "tp_count": 0,
    "trades_total": 4340,
    "trailing_count": 2611,
    "turnover_notional": 12741.39288,
    "win_rate_net": 60.64516129032258,
    "worst_trade_net": -0.029248019999999996
  }
}