{
  "breakdowns": {
    "by_month": {
      "2025-01": {
        "net_pnl": -2.60619539064741,
        "trades": 356,
        "win_rate": 53.37078651685393,
        "wins": 190
      },
      "2025-02": {
        "net_pnl": -2.040871102432598,
        "trades": 535,
        "win_rate": 57.38317757009346,
        "wins": 307
      },
      "2025-03": {
        "net_pnl": -1.5247681978816883,
        "trades": 455,
        "win_rate": 56.7032967032967,
        "wins": 258
      },
      "2025-04": {
        "net_pnl": -1.032035557750315,
        "trades": 429,
        "win_rate": 56.17715617715617,
        "wins": 241
      },
      "2025-05": {
        "net_pnl": -1.1008154112945114,
        "trades": 426,
        "win_rate": 62.676056338028175,
        "wins": 267
      },
      "2025-06": {
        "net_pnl": -1.0894818171042207,
        "trades": 324,
        "win_rate": 59.876543209876544,
        "wins": 194
      },
      "2025-07": {
        "net_pnl": -1.8966820231598633,
        "trades": 322,
        "win_rate": 57.453416149068325,
        "wins": 185
      },
      "2025-08": {
        "net_pnl": -3.5660937094032725,
        "trades": 344,
        "win_rate": 52.03488372093024,
        "wins": 179
      },
      "2025-09": {
        "net_pnl": -1.2567317830771865,
        "trades": 173,
        "win_rate": 55.49132947976878,
        "wins": 96
      },
      "2025-10": {
        "net_pnl": -2.0780618247355496,
        "trades": 358,
        "win_rate": 59.49720670391061,
        "wins": 213
      },
      "2025-11": {
        "net_pnl": -2.4984677577682683,
        "trades": 488,
        "win_rate": 56.14754098360656,
        "wins": 274
      },
      "2025-12": {
        "net_pnl": -1.3994161325439431,
        "trades": 304,
        "win_rate": 58.55263157894737,
        "wins": 178
      }
    },
    "by_outcome": {
      "sl": {
        "net_pnl": -41.052399027144645,
        "trades": 1885
      },
      "timeout": {
        "net_pnl": -0.48428179294459095,
        "trades": 57
      },
      "tp": {
        "net_pnl": 8.954907730518446,
        "trades": 306
      },
      "trailing": {
        "net_pnl": 10.492152381771962,
        "trades": 2266
      }
    },
    "by_side": {
      "long": {
        "net_pnl": -15.160885002396103,
        "trades": 3007,
        "win_rate": 56.73428666444962
      },
      "short": {
        "net_pnl": -6.9287357054027225,
        "trades": 1507,
        "win_rate": 58.12873258128732
      }
    },
    "by_year": {
      "2025": {
        "net_pnl": -22.089620707798833,
        "trades": 4514,
        "win_rate": 57.19982277359327,
        "wins": 2582
      }
    }
  },
  "config": {
    "confidence": 0.51,
    "custom_fee_pct": 0.00055,
    "data_path": "data/normalized/bybit/ETHUSDT/5m/bybit_ETHUSDT_5m_20240101T000500Z_20260425T235500Z.csv",
    "date_end": "2026-01-01T00:00:00Z",
    "date_start": "2025-01-01T00:00:00Z",
    "exit_mode": "atr_trailing",
    "fee_mode": "taker",
    "funding_mode": "none",
    "initial_balance": 1000.0,
    "interval_minutes": 5,
    "look_ahead": 36,
    "maker_fee_pct": 0.0002,
    "model_path": "monster_v4_2.json",
    "order_qty": 0.001,
    "same_candle_policy": "conservative",
    "sl_pct": 0.006,
    "slippage_bps": 2.0,
    "source": "bybit",
    "spread_bps": 2.0,
    "symbol": "ETHUSDT",
    "taker_fee_pct": 0.00055,
    "tp_pct": 0.012,
    "trailing": {
      "activation_pct": 0.004,
      "atr_mult": 1.4,
      "atr_period": 14,
      "keep_fixed_tp": true,
      "min_lock_pct": 0.0015
    }
  },
  "data_quality": {
    "duplicate_timestamps_count": 0,
    "expected_5m_rows": 105120,
    "gaps_first_5": [],
    "missing_candles_count": 0,
    "row_count": 105120,
    "timestamp_max_utc": "2025-12-31T23:55:00+00:00",
    "timestamp_min_utc": "2025-01-01T00:00:00+00:00"
  },
  "generated_at_utc": "2026-04-26T14:51:56.933175+00:00",
  "outcomes": {
    "skipped_no_atr": 0,
    "sl": 1885,
    "timeout": 57,
    "tp": 306,
    "trailing": 2266,
    "trailing_activated": 2453
  },
  "signals": {
    "long_signals_above_threshold": 12914,
    "no_signal_rows": 83938,
    "short_signals_above_threshold": 7981,
    "total_signal_rows": 104833
  },
  "summary": {
    "avg_duration_candles": 6.5471865307930885,
    "avg_duration_minutes": 32.73593265396544,
    "avg_loss_net": -0.021511099568841684,
    "avg_trade_net": -0.004893580130216842,
    "avg_win_net": 0.0075405978540678984,
    "best_trade_net": 0.06659782637343505,
    "expectancy_net": -0.004893580130216842,
    "fees_paid": 14.537358785070877,
    "final_balance": 977.9103792922011,
    "funding_paid": 0.0,
    "long_net_pnl": -15.160885002396103,
    "long_trades": 3007,
    "longest_losing_streak": 10,
    "max_drawdown_pct": 2.211881636844937,
    "max_drawdown_usdt": 22.119055494559802,
    "profit_factor_net": 0.46848132730721004,
    "short_net_pnl": -6.9287357054027225,
    "short_trades": 1507,
    "sl_count": 1885,
    "spread_slippage_cost_estimate": 7.929468462168179,
    "timeout_count": 57,
    "total_gross_pnl": -7.552261922727947,
    "total_net_pnl": -22.089620707798826,
    "tp_count": 306,
    "trades_total": 4514,
    "trailing_count": 2266,
    "turnover_notional": 13217.676564531,
    "win_rate_net": 57.19982277359327,
    "worst_trade_net": -0.0360577117576798
  }
}